base_currency_short_name,target_currency_short_name,binance_currency_pair_name,inr_conversion_charge,coindcx_name,target_currency_name,base_currency_name,step,min_quantity,symbol,ecode,max_leverage,max_leverage_short,pair
ETH,GRS,GRSETH,,GRSETH,Groestlcoin,Ethereum,1,1,GRSETH,B,5,,B-GRS_ETH
BNB,NXS,NXSBNB,,NXSBNB,Nexus,Binance Coin,0.1,0.1,NXSBNB,B,,,B-NXS_BNB
BNB,LOOM,LOOMBNB,,LOOMBNB,Loom Network,Binance Coin,1,1,LOOMBNB,B,,,B-LOOM_BNB
USDT,BULL,BULLUSDT,,BULLUSDT,3x Long Bitcoin Token,Tether,1.00E-06,1.00E-06,BULLUSDT,B,2,,B-BULL_USDT
USDT,USDS,USDSUSDT,,USDSUSDT,Stable USD,Tether,0.01,0.01,USDSUSDT,B,,,B-USDS_USDT
ETH,NAV,NAVETH,,NAVETH,NavCoin,Ethereum,0.01,0.01,NAVETH,B,5,,B-NAV_ETH
INR,CND,CNDINR,,CNDINR,Cindicator,Indian Rupee,1,1,CNDINR,B,,,B-CND_INR
TUSD,BCPT,BCPTTUSD,,BCPTTUSD,BlockMason Credit Protocol,True USD,0.1,0.1,BCPTTUSD,B,,,B-BCPT_TUSD
USDT,XRPBEAR,XRPBEARUSDT,,XRPBEARUSDT,3x Short XRP Token,Tether,1.00E-05,1.00E-05,XRPBEARUSDT,B,2,,B-XRPBEAR_USDT
ETH,YOYO,YOYOETH,,YOYOETH,Yoyow,Ethereum,1,1,YOYOETH,B,5,,B-YOYO_ETH
ETH,WPR,WPRETH,,WPRETH,WePower,Ethereum,1,1,WPRETH,B,5,,B-WPR_ETH
INR,LTC,LTCINR,,LTCINR,Litecoin,Indian Rupee,0.0001,0.0001,LTCINR,B,,,B-LTC_INR
USDT,STEEM,STEEMUSDT,,STEEMUSDT,STEEM,Tether,0.0001,0.01,STEEMUSDT,H,,,H-STEEM_USDT
BTC,STORM,STORMBTC,,STORMBTC,Storm,Bitcoin,1,1,STORMBTC,B,4,,B-STORM_BTC
ETH,DLT,DLTETH,,DLTETH,Delta,Ethereum,1,1,DLTETH,B,5,,B-DLT_ETH
BNB,AGI,AGIBNB,,AGIBNB,Singularity NET,Binance Coin,1,1,AGIBNB,B,,,B-AGI_BNB
BTC,[OLD]BCH,[OLD]BCHBTC,,[OLD]BCHBTC,[OLD]Bitcoin Cash,Bitcoin,0.001,0.001,[OLD]BCHBTC,HB,,,HB-[OLD]BCH_BTC
BNB,NEBL,NEBLBNB,,NEBLBNB,Neblio,Binance Coin,0.1,0.1,NEBLBNB,B,,,B-NEBL_BNB
TUSD,GTO,GTOTUSD,,GTOTUSD,Gifto,True USD,0.1,0.1,GTOTUSD,B,,,B-GTO_TUSD
TUSD,WAVES,WAVESTUSD,,WAVESTUSD,Waves,True USD,0.01,0.01,WAVESTUSD,B,,,B-WAVES_TUSD
BTC,LEND,LENDBTC,,LENDBTC,ETHLend,Bitcoin,1,1,LENDBTC,B,4,,B-LEND_BTC
BNB,AMB,AMBBNB,,AMBBNB,Amber,Binance Coin,1,1,AMBBNB,B,,,B-AMB_BNB
TUSD,ONE,ONETUSD,,ONETUSD,Harmony,True USD,0.1,0.1,ONETUSD,B,,,B-ONE_TUSD
ETH,DOCK,DOCKETH,,DOCKETH,Dock,Ethereum,1,1,DOCKETH,B,3,,B-DOCK_ETH
BNB,POWR,POWRBNB,,POWRBNB,Power Ledger,Binance Coin,0.1,0.1,POWRBNB,B,,,B-POWR_BNB
BNB,BCN,BCNBNB,,BCNBNB,Bytecoin,Binance Coin,1,1,BCNBNB,B,,,B-BCN_BNB
ETH,EVX,EVXETH,,EVXETH,Everex,Ethereum,1,1,EVXETH,B,4,,B-EVX_ETH
BNB,SKY,SKYBNB,,SKYBNB,Skycoin,Binance Coin,0.1,0.1,SKYBNB,B,,,B-SKY_BNB
INR,BAT,BATINR,,BATINR,Basic Attention Token,Indian Rupee,0.0001,0.0001,BATINR,B,,,B-BAT_INR
BNB,NCASH,NCASHBNB,,NCASHBNB,Nucleus Vision,Binance Coin,1,1,NCASHBNB,B,,,B-NCASH_BNB
BNB,ADX,ADXBNB,,ADXBNB,AdEx,Binance Coin,1,1,ADXBNB,B,,,B-ADX_BNB
ETH,MKR,MKRETH,,MKRETH,Maker,Ethereum,0.0001,0.0001,MKRETH,HB,,,HB-MKR_ETH
BTC,DENT,DENTBTC,,DENTBTC,Dent,Bitcoin,1,1,DENTBTC,B,1,,B-DENT_BTC
ETH,WABI,WABIETH,,WABIETH,WaBi,Ethereum,1,1,WABIETH,B,5,,B-WABI_ETH
USDT,ETHBEAR,ETHBEARUSDT,,ETHBEARUSDT,3x Short Ethereum Token,Tether,1.00E-05,1.00E-05,ETHBEARUSDT,B,2,,B-ETHBEAR_USDT
BTC,GNT,GNTBTC,,GNTBTC,Golem,Bitcoin,1,1,GNTBTC,B,1,,B-GNT_BTC
BNB,QLC,QLCBNB,,QLCBNB,QLink,Binance Coin,1,1,QLCBNB,B,,,B-QLC_BNB
TUSD,FTM,FTMTUSD,,FTMTUSD,Fantom,True USD,0.1,0.1,FTMTUSD,B,,,B-FTM_TUSD
BTC,NOAH,NOAHBTC,,NOAHBTC,Noahcoin,Bitcoin,1000,1000,NOAHBTC,HB,,,HB-NOAH_BTC
ETH,MCO,MCOETH,,MCOETH,MCO,Ethereum,0.01,0.01,MCOETH,B,4,,B-MCO_ETH
INR,MCO,MCOINR,0.01,MCOINR,MCO,Indian Rupee,0.01,0.01,MCOINR,I,,,I-MCO_INR
BTC,XTZ,XTZBTC,,XTZBTC,Tezos,Bitcoin,0.1,0.1,XTZBTC,HB,6,,HB-XTZ_BTC
BNB,QSP,QSPBNB,,QSPBNB,Quantstamp,Binance Coin,1,1,QSPBNB,B,,,B-QSP_BNB
ETH,LUN,LUNETH,,LUNETH,Lunyr,Ethereum,0.01,0.01,LUNETH,B,5,,B-LUN_ETH
ETH,VIA,VIAETH,,VIAETH,Viacoin,Ethereum,0.01,0.01,VIAETH,B,5,,B-VIA_ETH
BNB,TUSD,TUSDBNB,,TUSDBNB,True USD,Binance Coin,0.1,0.1,TUSDBNB,B,,,B-TUSD_BNB
BTC,FUEL,FUELBTC,,FUELBTC,Etherparty,Bitcoin,1,1,FUELBTC,B,1,,B-FUEL_BTC
BNB,DAI,DAIBNB,,DAIBNB,Dai,Binance Coin,0.1,0.1,DAIBNB,B,,,B-DAI_BNB
BNB,REN,RENBNB,,RENBNB,Republic Protocol,Binance Coin,1,1,RENBNB,B,,,B-REN_BNB
ETH,RCN,RCNETH,,RCNETH,Ripio Credit Network,Ethereum,1,1,RCNETH,B,5,,B-RCN_ETH
BNB,XZC,XZCBNB,,XZCBNB,ZCoin,Binance Coin,0.01,0.01,XZCBNB,B,,,B-XZC_BNB
BTC,MKR,MKRBTC,,MKRBTC,Maker,Bitcoin,0.0001,0.0001,MKRBTC,HB,,,HB-MKR_BTC
BTC,LUN,LUNBTC,,LUNBTC,Lunyr,Bitcoin,0.01,0.01,LUNBTC,B,4,,B-LUN_BTC
INR,KNC,KNCINR,,KNCINR,Kyber Network,Indian Rupee,0.01,0.01,KNCINR,B,,,B-KNC_INR
ETH,XZC,XZCETH,,XZCETH,ZCoin,Ethereum,0.01,0.01,XZCETH,B,,,B-XZC_ETH
BTC,XZC,XZCBTC,,XZCBTC,ZCoin,Bitcoin,0.01,0.01,XZCBTC,B,,,B-XZC_BTC
BNB,COMP,COMPBNB,,COMPBNB,Compound,Binance Coin,0.001,0.001,COMPBNB,B,,,B-COMP_BNB
INR,OXT,,,OXTINR,Orchid,Indian Rupee,1,1,OXTINR,I,,,I-OXT_INR
INR,BAT,BATINR,,BATINR,Basic Attention Token,Indian Rupee,0.01,0.01,BATINR,I,,,I-BAT_INR
BTC,FOR,FORBTC,,FORBTC,The Force Protocol,Bitcoin,0.01,1,FORBTC,H,,,H-FOR_BTC
INR,DGTX,,,DGTXINR,Digitex Futures ,Indian Rupee,1,1,DGTXINR,I,,,I-DGTX_INR
ETH,CRV,CRVETH,,CRVETH,Curve,Ethereum,0.0001,0.01,CRVETH,H,,,H-CRV_ETH
USDT,TT,TTUSDT,,TTUSDT,Thunder Token,Tether,0.01,1,TTUSDT,H,,,H-TT_USDT
BTC,BSV,BSVBTC,,BSVBTC,Bitcoin SV,Bitcoin,0.0001,0.001,BSVBTC,H,,,H-BSV_BTC
BTC,ITC,ITCBTC,,ITCBTC,Iot Chain,Bitcoin,1,1,ITCBTC,H,,,H-ITC_BTC
BTC,AR,ARBTC,,ARBTC,Arweave,Bitcoin,0.01,0.001,ARBTC,H,,,H-AR_BTC
BTC,MTA,MTABTC,,MTABTC,Meta,Bitcoin,0.0001,0.01,MTABTC,H,,,H-MTA_BTC
BTC,NXT,NXTBTC,,NXTBTC,Nxt,Bitcoin,1,1,NXTBTC,HB,,,HB-NXT_BTC
INR,ADA,ADAINR,,ADAINR,Cardano,Indian Rupee,1,1,ADAINR,I,,,I-ADA_INR
ETH,NEST,NESTETH,,NESTETH,NEST Protocol,Ethereum,0.01,1,NESTETH,H,,,H-NEST_ETH
ETH,ANT,ANTETH,,ANTETH,Aragon,Ethereum,0.01,0.01,ANTETH,H,,,H-ANT_ETH
BTC,NEXO,NEXOBTC,,NEXOBTC,Nexo,Bitcoin,10,10,NEXOBTC,HB,,,HB-NEXO_BTC
INR,BTC,BTCINR,,BTCINR,Bitcoin,Indian Rupee,1.00E-05,1.00E-05,BTCINR,I,,,I-BTC_INR
BTC,CRPT,CRPTBTC,,CRPTBTC,Crypterium,Bitcoin,1,1,CRPTBTC,HB,,,HB-CRPT_BTC
INR,ETH,ETHINR,,ETHINR,Ethereum,Indian Rupee,0.0001,0.0001,ETHINR,I,,,I-ETH_INR
BTC,NEST,NESTBTC,,NESTBTC,NEST Protocol,Bitcoin,0.01,1,NESTBTC,H,,,H-NEST_BTC
ETH,TRB,TRBETH,,TRBETH,Tellor,Ethereum,0.0001,0.001,TRBETH,H,,,H-TRB_ETH
BTC,ARNX,ARNXBTC,,ARNXBTC,AeronX,Bitcoin,1,401,ARNXBTC,HB,,,HB-ARNX_BTC
ETH,WNXM,WNXMETH,,WNXMETH,Wrapped NXM,Ethereum,0.0001,0.001,WNXMETH,H,,,H-WNXM_ETH
BTC,ETN,ETNBTC,,ETNBTC,Electroneum,Bitcoin,0.01,1,ETNBTC,H,,,H-ETN_BTC
INR,XRP,XRPINR,,XRPINR,Ripple,Indian Rupee,1,1,XRPINR,I,,,I-XRP_INR
ETH,ATOM,ATOMETH,,ATOMETH,Cosmos,Ethereum,0.0001,0.01,ATOMETH,H,,,H-ATOM_ETH
INR,CKB,,,CKBINR,Nervos,Indian Rupee,1,1,CKBINR,I,,,I-CKB_INR
ETH,BAND,BANDETH,,BANDETH,Band Protocol,Ethereum,0.01,0.01,BANDETH,H,,,H-BAND_ETH
ETH,SC,SCETH,,SCETH,Siacoin,Ethereum,1,1,SCETH,B,1,,B-SC_ETH
ETH,FUEL,FUELETH,,FUELETH,Etherparty,Ethereum,1,1,FUELETH,B,5,,B-FUEL_ETH
USDT,BNBBEAR,BNBBEARUSDT,,BNBBEARUSDT,3X Short BNB Token,Tether,1.00E-05,1.00E-05,BNBBEARUSDT,B,3,,B-BNBBEAR_USDT
ETH,ARN,ARNETH,,ARNETH,Aeron,Ethereum,1,0,ARNETH,HB,,,HB-ARN_ETH
ETH,EDO,EDOETH,,EDOETH,Eidoo,Ethereum,0.01,0.01,EDOETH,B,5,,B-EDO_ETH
BTC,ARN,ARNBTC,,ARNBTC,Aeron,Bitcoin,1,0,ARNBTC,HB,,,HB-ARN_BTC
INR,OMG,OMGINR,,OMGINR,OmiseGO,Indian Rupee,0.01,0.01,OMGINR,B,,,B-OMG_INR
BTC,MBL,MBLBTC,,MBLBTC,MovieBloc,Bitcoin,1,1,MBLBTC,B,1,,B-MBL_BTC
BNB,CND,CNDBNB,,CNDBNB,Cindicator,Binance Coin,1,1,CNDBNB,B,,,B-CND_BNB
BNB,DLT,DLTBNB,,DLTBNB,Delta,Binance Coin,1,1,DLTBNB,B,,,B-DLT_BNB
BNB,GNT,GNTBNB,,GNTBNB,Golem,Binance Coin,1,1,GNTBNB,B,,,B-GNT_BNB
ETH,DGD,DGDETH,,DGDETH,DigixDAO,Ethereum,0.001,0.001,DGDETH,B,5,,B-DGD_ETH
ETH,SYS,SYSETH,,SYSETH,Syscoin,Ethereum,1,1,SYSETH,B,3,,B-SYS_ETH
ETH,HC,HCETH,,HCETH,HyperCash,Ethereum,0.01,0.01,HCETH,B,5,,B-HC_ETH
BNB,MCO,MCOBNB,,MCOBNB,Monaco,Binance Coin,0.1,0.1,MCOBNB,B,,,B-MCO_BNB
ETH,CND,CNDETH,,CNDETH,Cindicator,Ethereum,1,1,CNDETH,B,5,,B-CND_ETH
BTC,EDO,EDOBTC,,EDOBTC,Eidoo,Bitcoin,1,1,EDOBTC,B,4,,B-EDO_BTC
BNB,NULS,NULSBNB,,NULSBNB,Nuls,Binance Coin,0.1,0.1,NULSBNB,B,,,B-NULS_BNB
BNB,POLY,POLYBNB,,POLYBNB,Polymath,Binance Coin,1,1,POLYBNB,B,,,B-POLY_BNB
BNB,BZRX,BZRXBNB,,BZRXBNB,bZx Protocol,Binance Coin,0.1,0.1,BZRXBNB,B,,,B-BZRX_BNB
ETH,PPT,PPTETH,,PPTETH,Populous,Ethereum,0.01,0.01,PPTETH,B,5,,B-PPT_ETH
BNB,RCN,RCNBNB,,RCNBNB,Ripio Credit Network,Binance Coin,1,1,RCNBNB,B,,,B-RCN_BNB
TUSD,XLM,XLMTUSD,,XLMTUSD,Stellar Lumens,True USD,0.1,0.1,XLMTUSD,B,,,B-XLM_TUSD
BNB,HIVE,HIVEBNB,,HIVEBNB,Hive,Binance Coin,0.1,0.1,HIVEBNB,B,1,,B-HIVE_BNB
BNB,BAL,BALBNB,,BALBNB,Balancer,Binance Coin,0.01,0.01,BALBNB,B,,,B-BAL_BNB
BTC,SALT,SALTBTC,,SALTBTC,Salt,Bitcoin,0.01,1,SALTBTC,B,4,,B-SALT_BTC
BNB,STRAT,STRATBNB,,STRATBNB,Stratis,Binance Coin,0.1,0.1,STRATBNB,B,3,,B-STRAT_BNB
BNB,STEEM,STEEMBNB,,STEEMBNB,STEEM,Binance Coin,0.1,0.1,STEEMBNB,B,,,B-STEEM_BNB
BTC,NPXS,NPXSBTC,,NPXSBTC,Pundi X,Bitcoin,1,1,NPXSBTC,B,1,,B-NPXS_BTC
BNB,AE,AEBNB,,AEBNB,Aeternity,Binance Coin,0.1,0.1,AEBNB,B,,,B-AE_BNB
USDT,EOSBULL,EOSBULLUSDT,,EOSBULLUSDT,3x Long EOS Token,Tether,1.00E-05,1.00E-05,EOSBULLUSDT,B,2,,B-EOSBULL_USDT
BNB,OST,OSTBNB,,OSTBNB,OST,Binance Coin,1,1,OSTBNB,B,,,B-OST_BNB
ETH,OAX,OAXETH,,OAXETH,openANX,Ethereum,1,1,OAXETH,B,5,,B-OAX_ETH
ETH,TNB,TNBETH,,TNBETH,Time New Bank,Ethereum,1,1,TNBETH,B,5,,B-TNB_ETH
BTC,HOT,HOTBTC,,HOTBTC,Holo,Bitcoin,1,1,HOTBTC,B,,,B-HOT_BTC
USDT,EOSBEAR,EOSBEARUSDT,,EOSBEARUSDT,3x Short EOS Token,Tether,1.00E-05,1.00E-05,EOSBEARUSDT,B,2,,B-EOSBEAR_USDT
ETH,MDA,MDAETH,,MDAETH,Moeda Loyalty Points,Ethereum,1,1,MDAETH,B,5,,B-MDA_ETH
INR,ICX,ICXINR,,ICXINR,ICON,Indian Rupee,0.01,0.01,ICXINR,B,,,B-ICX_INR
BNB,PHX,PHXBNB,,PHXBNB,Red Pulse Phoenix,Binance Coin,1,1,PHXBNB,B,,,B-PHX_BNB
BNB,BCPT,BCPTBNB,,BCPTBNB,BlockMason Credit Protocol,Binance Coin,1,1,BCPTBNB,B,,,B-BCPT_BNB
ETH,LEND,LENDETH,,LENDETH,ETHLend,Ethereum,1,1,LENDETH,B,4,,B-LEND_ETH
BTC,CTXC,CTXCBTC,,CTXCBTC,Cortex,Bitcoin,0.01,1,CTXCBTC,H,,,H-CTXC_BTC
XRP,XZC,XZCXRP,,XZCXRP,ZCoin,Ripple,0.001,0.001,XZCXRP,B,4,,B-XZC_XRP
ETH,ARK,ARKETH,,ARKETH,Ark,Ethereum,0.01,0.01,ARKETH,B,5,,B-ARK_ETH
ETH,GTO,GTOETH,,GTOETH,Gifto,Ethereum,1,1,GTOETH,B,3,,B-GTO_ETH
INR,TRX,TRXINR,,TRXINR,Tron,Indian Rupee,1,1,TRXINR,B,,,B-TRX_INR
ETH,POE,POEETH,,POEETH,Po.et,Ethereum,1,1,POEETH,B,5,,B-POE_ETH
TUSD,ATOM,ATOMTUSD,,ATOMTUSD,Cosmos,True USD,0.001,0.001,ATOMTUSD,B,,,B-ATOM_TUSD
INR,DNT,DNTINR,,DNTINR,district0x,Indian Rupee,1,1,DNTINR,B,,,B-DNT_INR
ETH,TUSD,TUSDETH,,TUSDETH,True USD,Ethereum,1,1,TUSDETH,B,5,,B-TUSD_ETH
ETH,SKY,SKYETH,,SKYETH,Skycoin,Ethereum,0.001,0.001,SKYETH,B,5,,B-SKY_ETH
USDC,XLM,XLMUSDC,,XLMUSDC,Stellar Lumens,USD Coin,0.1,0.1,XLMUSDC,B,,,B-XLM_USDC
USDT,GTO,GTOUSDT,,GTOUSDT,Gifto,Tether,0.1,0.1,GTOUSDT,B,,,B-GTO_USDT
USDT,WNXM,WNXMUSDT,,WNXMUSDT,Wrapped NXM,Tether,0.001,0.001,WNXMUSDT,B,2,,B-WNXM_USDT
BTC,HNT,HNTBTC,,HNTBTC,Helium,Bitcoin,0.01,0.01,HNTBTC,B,,,B-HNT_BTC
USDT,DASH,DASHUSDT,,DASHUSDT,Dash,Tether,1.00E-05,1.00E-05,DASHUSDT,B,4,,B-DASH_USDT
USDT,WRX,WRXUSDT,,WRXUSDT,Wazirx Token,Tether,0.1,0.1,WRXUSDT,B,2,2,B-WRX_USDT
BTC,DGB,DGBBTC,,DGBBTC,DigiByte,Bitcoin,1,1,DGBBTC,B,,,B-DGB_BTC
ETH,XEM,XEMETH,,XEMETH,NEM,Ethereum,1,1,XEMETH,B,2,,B-XEM_ETH
ETH,BRD,BRDETH,,BRDETH,Bread,Ethereum,1,1,BRDETH,B,1,,B-BRD_ETH
USDT,RUNE,RUNEUSDT,,RUNEUSDT,THORChain,Tether,0.01,0.01,RUNEUSDT,B,2,,B-RUNE_USDT
BTC,PERL,PERLBTC,,PERLBTC,Perlin,Bitcoin,1,1,PERLBTC,B,1,2,B-PERL_BTC
BNB,SOL,SOLBNB,,SOLBNB,Solana,Binance Coin,0.1,0.1,SOLBNB,B,1,,B-SOL_BNB
BTC,SAND,SANDBTC,,SANDBTC,The Sandbox,Bitcoin,1,1,SANDBTC,B,,,B-SAND_BTC
BTC,IOST,IOSTBTC,,IOSTBTC,IOSToken,Bitcoin,1,1,IOSTBTC,B,4,2,B-IOST_BTC
BTC,BQX,BQXBTC,,BQXBTC,Voyager,Bitcoin,1,1,BQXBTC,B,1,,B-BQX_BTC
USDT,KEY,KEYUSDT,,KEYUSDT,Selfkey,Tether,1,1,KEYUSDT,B,2,,B-KEY_USDT
USDT,EGLD,EGLDUSDT,,EGLDUSDT,Elrond eGold,Tether,0.001,0.001,EGLDUSDT,B,5,,B-EGLD_USDT
BTC,XMR,XMRBTC,,XMRBTC,Monero,Bitcoin,0.001,0.001,XMRBTC,B,5,2,B-XMR_BTC
BNB,COTI,COTIBNB,,COTIBNB,COTI,Binance Coin,1,1,COTIBNB,B,1,,B-COTI_BNB
USDT,BAT,BATUSDT,,BATUSDT,Basic Attention Token,Tether,0.01,0.01,BATUSDT,B,4,2,B-BAT_USDT
BTC,NAV,NAVBTC,,NAVBTC,NavCoin,Bitcoin,1,1,NAVBTC,B,1,,B-NAV_BTC
BTC,RDN,RDNBTC,,RDNBTC,Raiden Network Token,Bitcoin,1,1,RDNBTC,B,1,,B-RDN_BTC
USDT,SAND,SANDUSDT,,SANDUSDT,The Sandbox,Tether,1,1,SANDUSDT,B,,,B-SAND_USDT
BNB,SC,SCBNB,,SCBNB,Siacoin,Binance Coin,1,1,SCBNB,B,,,B-SC_BNB
TUSD,BNB,BNBTUSD,,BNBTUSD,Binance Coin,True USD,0.01,0.01,BNBTUSD,B,,,B-BNB_TUSD
BTC,NEO,NEOBTC,,NEOBTC,NEO,Bitcoin,0.01,0.01,NEOBTC,B,4,2,B-NEO_BTC
USDT,COCOS,COCOSUSDT,,COCOSUSDT,Cocos-BCX,Tether,0.01,0.01,COCOSUSDT,B,1,,B-COCOS_USDT
BTC,BCPT,BCPTBTC,,BCPTBTC,BlockMason Credit Protocol,Bitcoin,1,1,BCPTBTC,B,1,,B-BCPT_BTC
BTC,ZEN,ZENBTC,,ZENBTC,Horizen,Bitcoin,0.01,0.01,ZENBTC,B,2,,B-ZEN_BTC
BTC,RVN,RVNBTC,,RVNBTC,Ravencoin,Bitcoin,1,1,RVNBTC,B,2,2,B-RVN_BTC
BNB,NMR,NMRBNB,,NMRBNB,Numeraire,Binance Coin,0.01,0.01,NMRBNB,B,,,B-NMR_BNB
USDT,VET,VETUSDT,,VETUSDT,VeChain,Tether,1,1,VETUSDT,B,6,,B-VET_USDT
BTC,XTZ,XTZBTC,,XTZBTC,Tezos,Bitcoin,0.01,0.01,XTZBTC,B,4,2,B-XTZ_BTC
ETH,XRP,XRPETH,,XRPETH,Ripple,Ethereum,1,1,XRPETH,B,4,2,B-XRP_ETH
BTC,BAL,BALBTC,,BALBTC,Balancer,Bitcoin,0.01,0.01,BALBTC,B,2,,B-BAL_BTC
USDT,STORM,STORMUSDT,,STORMUSDT,Storm,Tether,1,1,STORMUSDT,B,4,,B-STORM_USDT
USDT,HB10,HB10USDT,,HB10USDT,HB10 (Index),Tether,0.0001,0.1,HB10USDT,H,,,H-HB10_USDT
ETH,MTH,MTHETH,,MTHETH,Monetha,Ethereum,1,1,MTHETH,B,5,,B-MTH_ETH
ETH,SUB,SUBETH,,SUBETH,Substratum,Ethereum,1,1,SUBETH,B,5,,B-SUB_ETH
BTC,WIN,WINBTC,,WINBTC,WINK,Bitcoin,1,1,WINBTC,B,1,,B-WIN_BTC
ETH,BCD,BCDETH,,BCDETH,Bitcoin Diamond,Ethereum,0.001,0.001,BCDETH,B,5,,B-BCD_ETH
BNB,FLM,FLMBNB,,FLMBNB,Flamingo,Binance Coin,0.1,0.1,FLMBNB,B,,,B-FLM_BNB
ETH,NXS,NXSETH,,NXSETH,Nexus,Ethereum,0.01,0.01,NXSETH,B,3,,B-NXS_ETH
BTC,KEY,KEYBTC,,KEYBTC,Selfkey,Bitcoin,1,1,KEYBTC,B,4,,B-KEY_BTC
BNB,ONG,ONGBNB,,ONGBNB,Ontology Gas,Binance Coin,0.1,0.1,ONGBNB,B,,,B-ONG_BNB
BTC,MFT,MFTBTC,,MFTBTC,Mainframe,Bitcoin,1,1,MFTBTC,B,2,,B-MFT_BTC
ETH,INS,INSETH,,INSETH,Insolar,Ethereum,0.01,0.01,INSETH,B,3,,B-INS_ETH
BNB,XEM,XEMBNB,,XEMBNB,NEM,Binance Coin,1,1,XEMBNB,B,,,B-XEM_BNB
BNB,RDN,RDNBNB,,RDNBNB,Raiden Network Token,Binance Coin,0.1,0.1,RDNBNB,B,,,B-RDN_BNB
USDT,XZC,XZCUSDT,,XZCUSDT,ZCoin,Tether,0.001,0.001,XZCUSDT,B,,,B-XZC_USDT
BTC,CKB,CKBBTC,,CKBBTC,Nervos,Bitcoin,0.01,1,CKBBTC,H,,,H-CKB_BTC
BTC,CMT,CMTBTC,,CMTBTC,CyberMiles,Bitcoin,1,1,CMTBTC,B,1,,B-CMT_BTC
BTC,LINK,LINKBTC,,LINKBTC,Chainlink,Bitcoin,0.1,0.1,LINKBTC,B,6,2,B-LINK_BTC
BTC,WABI,WABIBTC,,WABIBTC,WaBi,Bitcoin,1,1,WABIBTC,B,1,,B-WABI_BTC
BTC,WRX,WRXBTC,,WRXBTC,Wazirx Token,Bitcoin,1,1,WRXBTC,B,1,2,B-WRX_BTC
BTC,STPT,STPTBTC,,STPTBTC,STP Network,Bitcoin,1,1,STPTBTC,B,1,,B-STPT_BTC
BTC,BEL,BELBTC,,BELBTC,Bella Protocol,Bitcoin,1,1,BELBTC,B,2,,B-BEL_BTC
ETH,FIRO,FIROETH,,FIROETH,Firo,Ethereum,0.01,0.01,FIROETH,B,,,B-FIRO_ETH
BTC,DOT,DOTBTC,,DOTBTC,Polkadot,Bitcoin,0.1,0.1,DOTBTC,B,6,2,B-DOT_BTC
BTC,ARDR,ARDRBTC,,ARDRBTC,Ardor,Bitcoin,1,1,ARDRBTC,B,1,,B-ARDR_BTC
BTC,CVC,CVCBTC,,CVCBTC,Civic,Bitcoin,1,1,CVCBTC,B,4,,B-CVC_BTC
BTC,SNGLS,SNGLSBTC,,SNGLSBTC,Singular DTV,Bitcoin,1,1,SNGLSBTC,B,1,,B-SNGLS_BTC
BTC,OXT,OXTBTC,,OXTBTC,Orchid,Bitcoin,1,1,OXTBTC,B,1,,B-OXT_BTC
BTC,FLM,FLMBTC,,FLMBTC,Flamingo,Bitcoin,1,1,FLMBTC,B,,,B-FLM_BTC
BTC,BEAM,BEAMBTC,,BEAMBTC,BEAM,Bitcoin,0.01,0.01,BEAMBTC,B,1,,B-BEAM_BTC
USDT,STPT,STPTUSDT,,STPTUSDT,STP Network,Tether,0.1,0.1,STPTUSDT,B,1,,B-STPT_USDT
BTC,BCD,BCDBTC,,BCDBTC,Bitcoin Diamond,Bitcoin,1,1,BCDBTC,B,1,,B-BCD_BTC
BTC,GVT,GVTBTC,,GVTBTC,Genesis Vision,Bitcoin,0.01,0.01,GVTBTC,B,1,,B-GVT_BTC
BNB,STMX,STMXBNB,,STMXBNB,StormX,Binance Coin,1,1,STMXBNB,B,,,B-STMX_BNB
BTC,TFUEL,TFUELBTC,,TFUELBTC,Theta Fuel,Bitcoin,1,1,TFUELBTC,B,4,2,B-TFUEL_BTC
USDT,CHR,CHRUSDT,,CHRUSDT,Chromia,Tether,0.1,0.1,CHRUSDT,B,2,2,B-CHR_USDT
BTC,WPR,WPRBTC,,WPRBTC,WePower,Bitcoin,1,1,WPRBTC,B,1,,B-WPR_BTC
BTC,THETA,THETABTC,,THETABTC,Theta Token,Bitcoin,1,1,THETABTC,B,4,2,B-THETA_BTC
USDT,USDC,USDCUSDT,,USDCUSDT,USD Coin,Tether,0.01,0.01,USDCUSDT,B,6,,B-USDC_USDT
USDT,REP,REPUSDT,,REPUSDT,Augur,Tether,0.001,0.001,REPUSDT,B,,,B-REP_USDT
BNB,IOTA,IOTABNB,,IOTABNB,IOTA,Binance Coin,0.1,0.1,IOTABNB,B,,,B-IOTA_BNB
BTC,FTM,FTMBTC,,FTMBTC,Fantom,Bitcoin,1,1,FTMBTC,B,2,,B-FTM_BTC
BNB,CTSI,CTSIBNB,,CTSIBNB,Cartesi,Binance Coin,1,1,CTSIBNB,B,1,,B-CTSI_BNB
ETH,BLZ,BLZETH,,BLZETH,Bluzelle,Ethereum,1,1,BLZETH,B,1,,B-BLZ_ETH
USDT,STMX,STMXUSDT,,STMXUSDT,StormX,Tether,1,1,STMXUSDT,B,4,,B-STMX_USDT
BTC,CHZ,CHZBTC,,CHZBTC,Chiliz,Bitcoin,1,1,CHZBTC,B,2,,B-CHZ_BTC
BTC,NULS,NULSBTC,,NULSBTC,Nuls,Bitcoin,1,1,NULSBTC,B,1,,B-NULS_BTC
BTC,STMX,STMXBTC,,STMXBTC,StormX,Bitcoin,1,1,STMXBTC,B,1,,B-STMX_BTC
ETH,BCPT,BCPTETH,,BCPTETH,BlockMason Credit Protocol,Ethereum,1,1,BCPTETH,B,1,,B-BCPT_ETH
ETH,DASH,DASHETH,,DASHETH,Dash,Ethereum,0.001,0.001,DASHETH,B,1,,B-DASH_ETH
USDT,AUDIO,AUDIOUSDT,,AUDIOUSDT,Audius,Tether,0.1,0.1,AUDIOUSDT,B,,,B-AUDIO_USDT
BNB,BRD,BRDBNB,,BRDBNB,Bread,Binance Coin,0.1,0.1,BRDBNB,B,,,B-BRD_BNB
USDT,ERD,ERDUSDT,,ERDUSDT,Elrond,Tether,1,1,ERDUSDT,B,3,,B-ERD_USDT
USDT,BNBBULL,BNBBULLUSDT,,BNBBULLUSDT,3X Long BNB Token,Tether,1.00E-05,1.00E-05,BNBBULLUSDT,B,3,,B-BNBBULL_USDT
BNB,YOYO,YOYOBNB,,YOYOBNB,Yoyow,Binance Coin,1,1,YOYOBNB,B,,,B-YOYO_BNB
BNB,AION,AIONBNB,,AIONBNB,AION,Binance Coin,1,1,AIONBNB,B,,,B-AION_BNB
INR,REQ,REQINR,,REQINR,Request,Indian Rupee,0.1,0.1,REQINR,B,,,B-REQ_INR
ETH,AST,ASTETH,,ASTETH,Airswap Token,Ethereum,1,1,ASTETH,B,3,,B-AST_ETH
BTC,MOD,MODBTC,,MODBTC,Modum,Bitcoin,0.01,0.01,MODBTC,B,4,,B-MOD_BTC
BNB,LSK,LSKBNB,,LSKBNB,Lisk Coin,Binance Coin,0.1,0.1,LSKBNB,B,,,B-LSK_BNB
BNB,USDC,USDCBNB,,USDCBNB,USD Coin,Binance Coin,0.1,0.1,USDCBNB,B,,,B-USDC_BNB
USDT,BEAR,BEARUSDT,,BEARUSDT,3x Short Bitcoin Token,Tether,1.00E-05,1.00E-05,BEARUSDT,B,2,,B-BEAR_USDT
ETH,STORJ,STORJETH,,STORJETH,Storj,Ethereum,1,1,STORJETH,B,1,,B-STORJ_ETH
ETH,REQ,REQETH,,REQETH,Request,Ethereum,1,1,REQETH,B,5,,B-REQ_ETH
ETH,SALT,SALTETH,,SALTETH,Salt,Ethereum,0.01,1,SALTETH,B,5,,B-SALT_ETH
BTC,NCASH,NCASHBTC,,NCASHBTC,Nucleus Vision,Bitcoin,1,1,NCASHBTC,B,2,,B-NCASH_BTC
TUSD,ZEC,ZECTUSD,,ZECTUSD,ZCash,True USD,1.00E-05,1.00E-05,ZECTUSD,B,,,B-ZEC_TUSD
ETH,SNM,SNMETH,,SNMETH,Sonm,Ethereum,1,1,SNMETH,B,5,,B-SNM_ETH
INR,CHZ,,,CHZINR,Chiliz,Indian Rupee,1,1,CHZINR,I,,,I-CHZ_INR
USDT,BSV,BSVUSDT,,BSVUSDT,Bitcoin SV,Tether,0.0001,0.001,BSVUSDT,H,,,H-BSV_USDT
BTC,CRO,CROBTC,,CROBTC,Crypto.com Coin,Bitcoin,0.01,1,CROBTC,H,,,H-CRO_BTC
BTC,AKRO,AKROBTC,,AKROBTC,Akropolis,Bitcoin,0.01,1,AKROBTC,H,,,H-AKRO_BTC
BTC,SRN,SRNBTC,,SRNBTC,Sirin Labs Token,Bitcoin,0.01,0.01,SRNBTC,H,,,H-SRN_BTC
ETH,FRONT,FRONTETH,,FRONTETH,Frontier,Ethereum,0.01,0.1,FRONTETH,H,,,H-FRONT_ETH
USDT,AKRO,AKROUSDT,,AKROUSDT,Akropolis,Tether,0.01,1,AKROUSDT,H,,,H-AKRO_USDT
INR,XLM,XLMINR,,XLMINR,Stellar Lumens,Indian Rupee,1,5,XLMINR,I,,,I-XLM_INR
ETH,JST,JSTETH,,JSTETH,JUST,Ethereum,0.01,1,JSTETH,H,,,H-JST_ETH
BTC,LUN,LUNBTC,,LUNBTC,Lunyr,Bitcoin,1,0,LUNBTC,H,,,H-LUN_BTC
ETH,YFI,YFIETH,,YFIETH,yearn.finance,Ethereum,1.00E-06,1.00E-05,YFIETH,H,,,H-YFI_ETH
USDT,ELA,ELAUSDT,,ELAUSDT,Elastos,Tether,0.01,0.01,ELAUSDT,H,,,H-ELA_USDT
BTC,SWFTC,SWFTCBTC,,SWFTCBTC,SwftCoin,Bitcoin,0.01,1,SWFTCBTC,H,,,H-SWFTC_BTC
INR,TRX,TRXINR,,TRXINR,Tron,Indian Rupee,1,10,TRXINR,I,,,I-TRX_INR
ETH,BTS,BTSETH,,BTSETH,Bitshares,Ethereum,0.01,0.1,BTSETH,H,,,H-BTS_ETH
BTC,AE,AEBTC,,AEBTC,Aeternity,Bitcoin,0.01,0.01,AEBTC,H,,,H-AE_BTC
USDT,CRO,CROUSDT,,CROUSDT,Crypto.com Coin,Tether,0.01,1,CROUSDT,H,0,,H-CRO_USDT
BTC,OGN,OGNBTC,,OGNBTC,Origin Protocol,Bitcoin,1,1,OGNBTC,B,1,,B-OGN_BTC
ETH,SNT,SNTETH,,SNTETH,Status,Ethereum,1,1,SNTETH,B,1,,B-SNT_ETH
ETH,NPXS,NPXSETH,,NPXSETH,Pundi X,Ethereum,1,1,NPXSETH,B,1,,B-NPXS_ETH
USDT,CTSI,CTSIUSDT,,CTSIUSDT,Cartesi,Tether,0.1,0.1,CTSIUSDT,B,2,,B-CTSI_USDT
BTC,ENJ,ENJBTC,,ENJBTC,Enjin Coin,Bitcoin,1,1,ENJBTC,B,2,,B-ENJ_BTC
USDT,LINK,LINKUSDT,,LINKUSDT,Chainlink,Tether,0.01,0.01,LINKUSDT,B,8,3,B-LINK_USDT
BTC,GLM,GLMBTC,,GLMBTC,Golem,Bitcoin,1,1,GLMBTC,B,,,B-GLM_BTC
TUSD,ADA,ADATUSD,,ADATUSD,Cardano,True USD,0.1,0.1,ADATUSD,B,,,B-ADA_TUSD
USDC,XRP,XRPUSDC,,XRPUSDC,Ripple,USD Coin,0.1,0.1,XRPUSDC,B,,,B-XRP_USDC
ETH,ELF,ELFETH,,ELFETH,Aelf,Ethereum,1,1,ELFETH,B,1,,B-ELF_ETH
USDT,ANKR,ANKRUSDT,,ANKRUSDT,Ankr,Tether,1,1,ANKRUSDT,B,4,,B-ANKR_USDT
USDT,THETA,THETAUSDT,,THETAUSDT,Theta Token,Tether,0.1,0.1,THETAUSDT,B,4,3,B-THETA_USDT
USDT,MFT,MFTUSDT,,MFTUSDT,Mainframe,Tether,1,1,MFTUSDT,B,2,,B-MFT_USDT
BTC,ZIL,ZILBTC,,ZILBTC,Zilliqa,Bitcoin,1,1,ZILBTC,B,4,2,B-ZIL_BTC
BTC,SUSHI,SUSHIBTC,,SUSHIBTC,Sushi,Bitcoin,0.01,0.01,SUSHIBTC,B,3,,B-SUSHI_BTC
ETH,SCRT,SCRTETH,,SCRTETH,Secret Network,Ethereum,0.01,0.01,SCRTETH,B,,,B-SCRT_ETH
BTC,UNI,UNIBTC,,UNIBTC,Uniswap,Bitcoin,0.1,0.1,UNIBTC,B,4,2,B-UNI_BTC
TUSD,USDC,USDCTUSD,,USDCTUSD,USD Coin,True USD,0.01,0.01,USDCTUSD,B,,,B-USDC_TUSD
BNB,BTS,BTSBNB,,BTSBNB,Bitshares,Binance Coin,1,1,BTSBNB,B,,,B-BTS_BNB
BNB,GO,GOBNB,,GOBNB,Gochain,Binance Coin,1,1,GOBNB,B,,,B-GO_BNB
USDT,LEND,LENDUSDT,,LENDUSDT,ETHLend,Tether,0.1,0.1,LENDUSDT,B,6,,B-LEND_USDT
BTC,AE,AEBTC,,AEBTC,Aeternity,Bitcoin,1,1,AEBTC,B,,,B-AE_BTC
BNB,NANO,NANOBNB,,NANOBNB,Nano,Binance Coin,0.1,0.1,NANOBNB,B,,,B-NANO_BNB
USDT,ETHBULL,ETHBULLUSDT,,ETHBULLUSDT,3x Long Ethereum Token,Tether,1.00E-06,1.00E-06,ETHBULLUSDT,B,2,,B-ETHBULL_USDT
BTC,DAI,DAIBTC,,DAIBTC,Dai,Bitcoin,1,1,DAIBTC,B,,,B-DAI_BTC
USDT,ZPAE,,,ZPAEUSDT,ZelaaPayAE,Tether,1,0,ZPAEUSDT,I,,,I-ZPAE_USDT
TUSD,TFUEL,TFUELTUSD,,TFUELTUSD,Theta Fuel,True USD,1,1,TFUELTUSD,B,,,B-TFUEL_TUSD
BNB,DCR,DCRBNB,,DCRBNB,Decred,Binance Coin,0.001,0.001,DCRBNB,B,,,B-DCR_BNB
BTC,ABT,ABTBTC,,ABTBTC,ArcBlock,Bitcoin,0.01,1,ABTBTC,H,,,H-ABT_BTC
TUSD,USDS,USDSTUSD,,USDSTUSD,Stable USD,True USD,0.01,0.01,USDSTUSD,B,,,B-USDS_TUSD
INR,INR,INRINR,,INRINR,Indian Rupee,Indian Rupee,0.0001,0.0001,INRINR,I,,,I-INR_INR
ETH,BTG,BTGETH,,BTGETH,Bitcoin Gold,Ethereum,0.01,0.01,BTGETH,B,5,,B-BTG_ETH
ETH,BTS,BTSETH,,BTSETH,Bitshares,Ethereum,1,1,BTSETH,B,5,,B-BTS_ETH
INR,SNT,SNTINR,,SNTINR,Status,Indian Rupee,1,1,SNTINR,B,,,B-SNT_INR
BNB,CVC,CVCBNB,,CVCBNB,Civic,Binance Coin,1,1,CVCBNB,B,,,B-CVC_BNB
BNB,APPC,APPCBNB,,APPCBNB,AppCoins,Binance Coin,1,1,APPCBNB,B,,,B-APPC_BNB
BTC,BTT,BTTBTC,,BTTBTC,BitTorrent,Bitcoin,1,1,BTTBTC,B,1,1,B-BTT_BTC
TUSD,BAT,BATTUSD,,BATTUSD,Basic Attention Token,True USD,0.01,0.01,BATTUSD,B,,,B-BAT_TUSD
BTC,ARN,ARNBTC,,ARNBTC,Aeron,Bitcoin,1,1,ARNBTC,B,3,,B-ARN_BTC
ETH,STRAT,STRATETH,,STRATETH,Stratis,Ethereum,0.01,0.01,STRATETH,B,4,,B-STRAT_ETH
ETH,DNT,DNTETH,,DNTETH,district0x,Ethereum,1,1,DNTETH,B,5,,B-DNT_ETH
BNB,PAX,PAXBNB,,PAXBNB,Paxos,Binance Coin,0.1,0.1,PAXBNB,B,,,B-PAX_BNB
ETH,ARDR,ARDRETH,,ARDRETH,Ardor,Ethereum,1,1,ARDRETH,B,5,,B-ARDR_ETH
BTC,WAX,WAXBTC,,WAXBTC,Wax,Bitcoin,0.0001,0.01,WAXBTC,H,,,H-WAX_BTC
BTC,IVY,IVYBTC,,IVYBTC,IVY,Bitcoin,100,100,IVYBTC,HB,,,HB-IVY_BTC
TUSD,PAX,PAXTUSD,,PAXTUSD,Paxos,True USD,0.01,0.01,PAXTUSD,B,,,B-PAX_TUSD
USDT,BCHSV,BCHSVUSDT,,BCHSVUSDT,Bitcoin Cash SV,Tether,1.00E-05,1.00E-05,BCHSVUSDT,B,3,,B-BCHSV_USDT
BNB,SYS,SYSBNB,,SYSBNB,Syscoin,Binance Coin,1,1,SYSBNB,B,,,B-SYS_BNB
ETH,PHX,PHXETH,,PHXETH,Red Pulse Phoenix,Ethereum,1,1,PHXETH,B,5,,B-PHX_ETH
TUSD,NEO,NEOTUSD,,NEOTUSD,NEO,True USD,0.001,0.001,NEOTUSD,B,,,B-NEO_TUSD
BTC,TUSD,TUSDBTC,,TUSDBTC,True USD,Bitcoin,1,1,TUSDBTC,B,4,,B-TUSD_BTC
BTC,DBC,DBCBTC,,DBCBTC,DeepBrain Chain,Bitcoin,0.01,0.1,DBCBTC,H,,,H-DBC_BTC
USDT,FRONT,FRONTUSDT,,FRONTUSDT,Frontier,Tether,0.0001,0.1,FRONTUSDT,H,,,H-FRONT_USDT
BTC,MLN,MLNBTC,,MLNBTC,Melon,Bitcoin,0.0001,0.001,MLNBTC,H,,,H-MLN_BTC
BTC,ELA,ELABTC,,ELABTC,Elastos,Bitcoin,0.01,1,ELABTC,H,,,H-ELA_BTC
ETH,GXC,GXCETH,,GXCETH,GXChain,Ethereum,0.0001,0.0001,GXCETH,H,,,H-GXC_ETH
INR,LTC,LTCINR,,LTCINR,Litecoin,Indian Rupee,0.0001,0.0001,LTCINR,I,,,I-LTC_INR
BTC,NIM,NIMBTC,,NIMBTC,Nim,Bitcoin,100,500,NIMBTC,HB,,,HB-NIM_BTC
ETH,SNX,SNXETH,,SNXETH,Synthetix Network Token,Ethereum,0.01,0.01,SNXETH,H,,,H-SNX_ETH
USDT,FIRO,FIROUSDT,,FIROUSDT,Firo,Tether,0.001,0.001,FIROUSDT,B,,,B-FIRO_USDT
BTC,ATOM,ATOMBTC,,ATOMBTC,Cosmos,Bitcoin,0.01,0.01,ATOMBTC,B,4,2,B-ATOM_BTC
USDC,BNB,BNBUSDC,,BNBUSDC,Binance Coin,USD Coin,0.01,0.01,BNBUSDC,B,,,B-BNB_USDC
BTC,EOS,EOSBTC,,EOSBTC,EOS,Bitcoin,0.01,0.01,EOSBTC,B,4,4,B-EOS_BTC
USDT,CELR,CELRUSDT,,CELRUSDT,Celer,Tether,0.1,0.1,CELRUSDT,B,1,,B-CELR_USDT
ETH,NCASH,NCASHETH,,NCASHETH,Nucleus Vision,Ethereum,1,1,NCASHETH,B,2,,B-NCASH_ETH
BTC,AION,AIONBTC,,AIONBTC,AION,Bitcoin,1,1,AIONBTC,B,2,,B-AION_BTC
ETH,ZIL,ZILETH,,ZILETH,Zilliqa,Ethereum,1,1,ZILETH,B,1,,B-ZIL_ETH
ETH,EOS,EOSETH,,EOSETH,EOS,Ethereum,0.01,0.01,EOSETH,B,4,,B-EOS_ETH
USDT,ALGO,ALGOUSDT,,ALGOUSDT,Algorand,Tether,0.01,0.01,ALGOUSDT,B,6,,B-ALGO_USDT
USDT,NMR,NMRUSDT,,NMRUSDT,Numeraire,Tether,0.001,0.001,NMRUSDT,B,2,,B-NMR_USDT
BTC,DASH,DASHBTC,,DASHBTC,Dash,Bitcoin,0.001,0.001,DASHBTC,B,4,,B-DASH_BTC
USDT,NKN,NKNUSDT,,NKNUSDT,NKN,Tether,0.1,0.1,NKNUSDT,B,1,,B-NKN_USDT
BTC,GTO,GTOBTC,,GTOBTC,Gifto,Bitcoin,1,1,GTOBTC,B,1,,B-GTO_BTC
USDT,ONE,ONEUSDT,,ONEUSDT,Harmony,Tether,0.1,0.1,ONEUSDT,B,2,2,B-ONE_USDT
USDT,DUSK,DUSKUSDT,,DUSKUSDT,Dusk Network,Tether,0.01,0.01,DUSKUSDT,B,4,,B-DUSK_USDT
BTC,STX,STXBTC,,STXBTC,Blockstack,Bitcoin,1,1,STXBTC,B,,,B-STX_BTC
BTC,DOGE,DOGEBTC,,DOGEBTC,Doge,Bitcoin,1,1,DOGEBTC,B,2,,B-DOGE_BTC
USDT,TRB,TRBUSDT,,TRBUSDT,Tellor,Tether,0.001,0.001,TRBUSDT,B,2,,B-TRB_USDT
BNB,KAVA,KAVABNB,,KAVABNB,KAVA,Binance Coin,0.1,0.1,KAVABNB,B,,,B-KAVA_BNB
BTC,NKN,NKNBTC,,NKNBTC,NKN,Bitcoin,1,1,NKNBTC,B,1,,B-NKN_BTC
BTC,NAS,NASBTC,,NASBTC,Nebulas,Bitcoin,0.01,0.01,NASBTC,B,,,B-NAS_BTC
BTC,KMD,KMDBTC,,KMDBTC,Komodo,Bitcoin,0.01,0.01,KMDBTC,B,1,,B-KMD_BTC
USDT,DOCK,DOCKUSDT,,DOCKUSDT,Dock,Tether,1,1,DOCKUSDT,B,1,,B-DOCK_USDT
BTC,MATIC,MATICBTC,,MATICBTC,Matic Network,Bitcoin,1,1,MATICBTC,B,4,2,B-MATIC_BTC
BNB,ARPA,ARPABNB,,ARPABNB,ARPA,Binance Coin,1,1,ARPABNB,B,,,B-ARPA_BNB
ETH,POA,POAETH,,POAETH,POA Network,Ethereum,1,1,POAETH,B,5,,B-POA_ETH
BTC,HC,HCBTC,,HCBTC,HyperCash,Bitcoin,0.01,0.01,HCBTC,B,1,,B-HC_BTC
ETH,NULS,NULSETH,,NULSETH,Nuls,Ethereum,1,1,NULSETH,B,1,,B-NULS_ETH
ETH,TNT,TNTETH,,TNTETH,Tierion,Ethereum,1,1,TNTETH,B,4,,B-TNT_ETH
BNB,PIVX,PIVXBNB,,PIVXBNB,PIVX,Binance Coin,0.1,0.1,PIVXBNB,B,,,B-PIVX_BNB
BNB,QTUM,QTUMBNB,,QTUMBNB,Qtum,Binance Coin,0.1,0.1,QTUMBNB,B,,,B-QTUM_BNB
BTC,INS,INSBTC,,INSBTC,Insolar,Bitcoin,1,1,INSBTC,B,3,,B-INS_BTC
BNB,NAV,NAVBNB,,NAVBNB,NavCoin,Binance Coin,1,1,NAVBNB,B,,,B-NAV_BNB
BNB,REP,REPBNB,,REPBNB,Augur,Binance Coin,0.01,0.01,REPBNB,B,,,B-REP_BNB
ETH,ADX,ADXETH,,ADXETH,AdEx,Ethereum,1,1.00E-07,ADXETH,B,5,,B-ADX_ETH
BTC,STRAT,STRATBTC,,STRATBTC,Stratis,Bitcoin,1,1,STRATBTC,B,4,,B-STRAT_BTC
BTC,AST,ASTBTC,,ASTBTC,Airswap Token,Bitcoin,1,1,ASTBTC,B,4,,
ETH,STORM,STORMETH,,STORMETH,Storm,Ethereum,1,50,test,B,5,,test
BTC,BCHSV,BCHSVBTC,,BCHSVBTC,Bitcoin Cash SV,Bitcoin,0.001,0.001,BCHSVBTC,B,4,,B-BCHSV_BTC
BNB,POA,POABNB,,POABNB,POA Network,Binance Coin,1,1,POABNB,B,,,B-POA_BNB
ETH,SNGLS,SNGLSETH,,SNGLSETH,Singular DTV,Ethereum,1,1,SNGLSETH,B,5,,B-SNGLS_ETH
BNB,ARDR,ARDRBNB,,ARDRBNB,Ardor,Binance Coin,1,1,ARDRBNB,B,,,B-ARDR_BNB
BTC,DGD,DGDBTC,,DGDBTC,DigixDAO,Bitcoin,0.001,0.001,DGDBTC,B,4,,B-DGD_BTC
ETH,AE,AEETH,,AEETH,Aeternity,Ethereum,0.01,0.01,AEETH,B,1,,B-AE_ETH
BNB,STPT,STPTBNB,,STPTBNB,STP Network,Binance Coin,1,1,STPTBNB,B,3,,B-STPT_BNB
BTC,FREC,FRECBTC,,FRECBTC,Freyr Chain,Bitcoin,1000,1000,FRECBTC,HB,,,HB-FREC_BTC
BTC,ZEC,ZECBTC,,ZECBTC,ZCash,Bitcoin,0.001,0.001,ZECBTC,HB,,,HB-ZEC_BTC
ETH,APPC,APPCETH,,APPCETH,AppCoins,Ethereum,1,1,APPCETH,B,3,,B-APPC_ETH
ETH,VIBE,VIBEETH,,VIBEETH,VIBE,Ethereum,1,1,VIBEETH,B,5,,B-VIBE_ETH
ETH,ENG,ENGETH,,ENGETH,Enigma,Ethereum,1,1,ENGETH,B,3,,B-ENG_ETH
BTC,PHX,PHXBTC,,PHXBTC,Red Pulse Phoenix,Bitcoin,1,1,PHXBTC,B,4,,B-PHX_BTC
BTC,COCOS,COCOSBTC,,COCOSBTC,Cocos-BCX,Bitcoin,1,1,COCOSBTC,B,3,,B-COCOS_BTC
BTC,WINGS,WINGSBTC,,WINGSBTC,Wings,Bitcoin,1,1,WINGSBTC,B,4,,B-WINGS_BTC
BTC,ERD,ERDBTC,,ERDBTC,Elrond,Bitcoin,1,1,ERDBTC,B,2,,B-ERD_BTC
BTC,TNT,TNTBTC,,TNTBTC,Tierion,Bitcoin,1,1,TNTBTC,B,3,,B-TNT_BTC
BTC,MCO,MCOBTC,1,MCOBTC,MCO,Bitcoin,0.01,0.01,MCOBTC,B,4,,B-MCO_BTC
BTC,POE,POEBTC,,POEBTC,Po.et,Bitcoin,1,1,POEBTC,B,1,,B-POE_BTC
USDT,AST,ASTUSDT,,ASTUSDT,Airswap Token,Tether,0.0001,0.1,ASTUSDT,H,,,H-AST_USDT
USDT,CKB,CKBUSDT,,CKBUSDT,Nervos,Tether,0.01,1,CKBUSDT,H,,,H-CKB_USDT
BNB,AAVE,AAVEBNB,,AAVEBNB,Aave,Binance Coin,0.01,0.01,AAVEBNB,B,,,B-AAVE_BNB
BTC,BTG,BTGBTC,,BTGBTC,Bitcoin Gold,Bitcoin,0.01,0.01,BTGBTC,B,1,,B-BTG_BTC
BTC,NXS,NXSBTC,,NXSBTC,Nexus,Bitcoin,1,1,NXSBTC,B,1,,B-NXS_BTC
BTC,WAN,WANBTC,,WANBTC,Wanchain,Bitcoin,1,1,WANBTC,B,2,,B-WAN_BTC
BTC,ICX,ICXBTC,,ICXBTC,ICON,Bitcoin,1,1,ICXBTC,B,2,2,B-ICX_BTC
BTC,FTT,FTTBTC,,FTTBTC,FTX Token,Bitcoin,0.01,0.01,FTTBTC,B,2,,B-FTT_BTC
USDT,STX,STXUSDT,,STXUSDT,Blockstack,Tether,0.01,0.01,STXUSDT,B,4,,B-STX_USDT
BTC,FUN,FUNBTC,,FUNBTC,FunFair,Bitcoin,1,1,FUNBTC,B,1,,B-FUN_BTC
BTC,GRS,GRSBTC,,GRSBTC,Groestlcoin,Bitcoin,1,1,GRSBTC,B,1,,B-GRS_BTC
USDT,REN,RENUSDT,,RENUSDT,Republic Protocol,Tether,0.1,0.1,RENUSDT,B,2,3,B-REN_USDT
BTC,SKY,SKYBTC,,SKYBTC,Skycoin,Bitcoin,1,1,SKYBTC,B,1,,B-SKY_BTC
USDT,NBS,NBSUSDT,,NBSUSDT,New Bitshares,Tether,0.1,0.1,NBSUSDT,B,2,,B-NBS_USDT
BTC,APPC,APPCBTC,,APPCBTC,AppCoins,Bitcoin,1,1,APPCBTC,B,1,,B-APPC_BTC
BTC,FIRO,FIROBTC,,FIROBTC,Firo,Bitcoin,0.01,0.01,FIROBTC,B,,,B-FIRO_BTC
BTC,HIVE,HIVEBTC,,HIVEBTC,Hive,Bitcoin,1,1,HIVEBTC,B,1,,B-HIVE_BTC
USDT,PNT,PNTUSDT,,PNTUSDT,pNetwork Token,Tether,0.01,0.01,PNTUSDT,B,,,B-PNT_USDT
BTC,ADA,ADABTC,,ADABTC,Cardano,Bitcoin,1,1,ADABTC,B,6,3,B-ADA_BTC
USDC,BTC,BTCUSDC,,BTCUSDC,Bitcoin,USD Coin,1.00E-06,1.00E-06,BTCUSDC,B,,,B-BTC_USDC
BTC,COTI,COTIBTC,,COTIBTC,COTI,Bitcoin,1,1,COTIBTC,B,2,2,B-COTI_BTC
BTC,AST,ASTBTC,,ASTBTC,Airswap Token,Bitcoin,1,1,ASTBTC,B,2,,B-AST_BTC
USDT,EOS,EOSUSDT,,EOSUSDT,EOS,Tether,0.01,0.01,EOSUSDT,B,8,2,B-EOS_USDT
ETH,GLM,GLMETH,,GLMETH,Golem,Ethereum,1,1,GLMETH,B,,,B-GLM_ETH
BTC,BTS,BTSBTC,,BTSBTC,Bitshares,Bitcoin,1,1,BTSBTC,B,1,,B-BTS_BTC
ETH,QKC,QKCETH,,QKCETH,QuarkChain,Ethereum,1,1,QKCETH,B,1,,B-QKC_ETH
BTC,ONG,ONGBTC,,ONGBTC,Ontology Gas,Bitcoin,1,1,ONGBTC,B,2,,B-ONG_BTC
USDT,FET,FETUSDT,,FETUSDT,Fetch.AI,Tether,0.1,0.1,FETUSDT,B,2,,B-FET_USDT
USDT,QTUM,QTUMUSDT,,QTUMUSDT,Qtum,Tether,0.001,0.001,QTUMUSDT,B,6,2,B-QTUM_USDT
USDT,FIL,FILUSDT,,FILUSDT,Filecoin,Tether,0.01,0.01,FILUSDT,B,,,B-FIL_USDT
TUSD,BCH,BCHTUSD,,BCHTUSD,Bitcoin Cash,True USD,1.00E-05,1.00E-05,BCHTUSD,B,,,B-BCH_TUSD
ETH,KEY,KEYETH,,KEYETH,Selfkey,Ethereum,1,1,KEYETH,B,1,,B-KEY_ETH
ETH,ZEN,ZENETH,,ZENETH,Horizen,Ethereum,0.001,0.001,ZENETH,B,1,,B-ZEN_ETH
ETH,DENT,DENTETH,,DENTETH,Dent,Ethereum,1,1,DENTETH,B,1,,B-DENT_ETH
BNB,BEL,BELBNB,,BELBNB,Bella Protocol,Binance Coin,0.1,0.1,BELBNB,B,,,B-BEL_BNB
BTC,TWT,TWTBTC,,TWTBTC,Trust Wallet Token,Bitcoin,1,1,TWTBTC,B,,,B-TWT_BTC
BNB,TFUEL,TFUELBNB,,TFUELBNB,Theta Fuel,Binance Coin,1,1,TFUELBNB,B,,,B-TFUEL_BNB
ETH,ARNX,ARNXETH,,ARNXETH,AeronX,Ethereum,1,14,ARNXETH,HB,,,HB-ARNX_ETH
INR,STPT,,,STPTINR,STP Network,Indian Rupee,1,1,STPTINR,I,,,I-STPT_INR
BTC,IPL,IPLBTC,,IPLBTC,InsurePal,Bitcoin,100,100,IPLBTC,HB,,,HB-IPL_BTC
INR,ETN,,,ETNINR,Electroneum,Indian Rupee,1,0,ETNINR,I,,,I-ETN_INR
ETH,MLN,MLNETH,,MLNETH,Melon,Ethereum,0.0001,0.001,MLNETH,H,,,H-MLN_ETH
USDT,MLN,MLNUSDT,,MLNUSDT,Melon,Tether,0.0001,0.001,MLNUSDT,H,,,H-MLN_USDT
USDT,AE,AEUSDT,,AEUSDT,Aeternity,Tether,0.01,0.1,AEUSDT,H,,,H-AE_USDT
ETH,REN,RENETH,,RENETH,Republic Protocol,Ethereum,0.0001,1,RENETH,H,,,H-REN_ETH
USDT,NEST,NESTUSDT,,NESTUSDT,NEST Protocol,Tether,0.01,1,NESTUSDT,H,,,H-NEST_USDT
ETH,AR,ARETH,,ARETH,Arweave,Ethereum,0.01,0.001,ARETH,H,,,H-AR_ETH
ETH,BAL,BALETH,,BALETH,Balancer,Ethereum,0.01,0.001,BALETH,H,,,H-BAL_ETH
BTC,TT,TTBTC,,TTBTC,Thunder Token,Bitcoin,0.01,1,TTBTC,H,,,H-TT_BTC
USDT,FSN,FSNUSDT,,FSNUSDT,Fusion,Tether,0.0001,0.01,FSNUSDT,H,,,H-FSN_USDT
USDT,RSR,RSRUSDT,,RSRUSDT,Reserve Rights Token,Tether,0.01,1,RSRUSDT,H,,,H-RSR_USDT
BTC,RSR,RSRBTC,,RSRBTC,Reserve Rights Token,Bitcoin,0.01,1,RSRBTC,H,,,H-RSR_BTC
BTC,FRONT,FRONTBTC,,FRONTBTC,Frontier,Bitcoin,0.01,0.1,FRONTBTC,H,,,H-FRONT_BTC
BTC,CHR,CHRBTC,,CHRBTC,Chromia,Bitcoin,1,1,CHRBTC,B,2,2,B-CHR_BTC
BTC,AUDIO,AUDIOBTC,,AUDIOBTC,Audius,Bitcoin,1,1,AUDIOBTC,B,,,B-AUDIO_BTC
BTC,KNC,KNCBTC,,KNCBTC,Kyber Network,Bitcoin,1,1,KNCBTC,B,2,,B-KNC_BTC
ETH,XMR,XMRETH,,XMRETH,Monero,Ethereum,0.001,0.001,XMRETH,B,1,,B-XMR_ETH
USDT,XMR,XMRUSDT,,XMRUSDT,Monero,Tether,1.00E-05,1.00E-05,XMRUSDT,B,5,2,B-XMR_USDT
USDT,BNB,BNBUSDT,,BNBUSDT,Binance Coin,Tether,0.001,0.001,BNBUSDT,B,8,2,B-BNB_USDT
ETH,REP,REPETH,,REPETH,Augur,Ethereum,0.001,0.001,REPETH,B,1,,B-REP_ETH
ETH,LOOM,LOOMETH,,LOOMETH,Loom Network,Ethereum,1,1,LOOMETH,B,1,,B-LOOM_ETH
BTC,CELR,CELRBTC,,CELRBTC,Celer,Bitcoin,1,1,CELRBTC,B,2,,B-CELR_BTC
USDT,KNC,KNCUSDT,,KNCUSDT,Kyber Network,Tether,0.001,0.001,KNCUSDT,B,2,,B-KNC_USDT
USDT,LTC,LTCUSDT,,LTCUSDT,Litecoin,Tether,1.00E-05,1.00E-05,LTCUSDT,B,8,2,B-LTC_USDT
BTC,QKC,QKCBTC,,QKCBTC,QuarkChain,Bitcoin,1,1,QKCBTC,B,1,,B-QKC_BTC
USDC,ETH,ETHUSDC,,ETHUSDC,Ethereum,USD Coin,1.00E-05,1.00E-05,ETHUSDC,B,,,B-ETH_USDC
BTC,REP,REPBTC,,REPBTC,Augur,Bitcoin,0.001,0.001,REPBTC,B,1,,B-REP_BTC
USDT,YFI,YFIUSDT,,YFIUSDT,yearn.finance,Tether,1.00E-06,1.00E-06,YFIUSDT,B,4,3,B-YFI_USDT
BTC,RLC,RLCBTC,,RLCBTC,iExec RLC,Bitcoin,1,1,RLCBTC,B,2,,B-RLC_BTC
BNB,ICX,ICXBNB,,ICXBNB,ICON,Binance Coin,0.1,0.1,ICXBNB,B,,,B-ICX_BNB
ETH,AGI,AGIETH,,AGIETH,Singularity NET,Ethereum,1,1,AGIETH,B,5,,B-AGI_ETH
ETH,GVT,GVTETH,,GVTETH,Genesis Vision,Ethereum,0.01,0.01,GVTETH,B,5,,B-GVT_ETH
BNB,RLC,RLCBNB,,RLCBNB,iExec RLC,Binance Coin,0.1,0.1,RLCBNB,B,,,B-RLC_BNB
ETH,ARN,ARNETH,,ARNETH,Aeron,Ethereum,1,1,ARNETH,B,,,B-ARN_ETH
USDT,XTZ,XTZUSDT,,XTZUSDT,Tezos,Tether,0.1,0.1,XTZUSDT,HB,6,,HB-XTZ_USDT
ETH,XTZ,XTZETH,,XTZETH,Tezos,Ethereum,0.1,0.1,XTZETH,HB,,,HB-XTZ_ETH
ETH,RDN,RDNETH,,RDNETH,Raiden Network Token,Ethereum,1,1,RDNETH,B,5,,B-RDN_ETH
USDT,DAI,DAIUSDT,,DAIUSDT,Dai,Tether,0.01,0.01,DAIUSDT,B,,,B-DAI_USDT
BNB,VIA,VIABNB,,VIABNB,Viacoin,Binance Coin,0.1,0.1,VIABNB,B,,,B-VIA_BNB
BTC,ENG,ENGBTC,,ENGBTC,Enigma,Bitcoin,1,1,ENGBTC,B,3,,B-ENG_BTC
BTC,TNT,TNTBTC,,TNTBTC,Tierion,Bitcoin,1,1,TNTBTC,H,,,H-TNT_BTC
BNB,TRB,TRBBNB,,TRBBNB,Tellor,Binance Coin,0.001,0.001,TRBBNB,B,,,B-TRB_BNB
BNB,CMT,CMTBNB,,CMTBNB,CyberMiles,Binance Coin,1,1,CMTBNB,B,,,B-CMT_BNB
INR,EOS,EOSINR,,EOSINR,EOS,Indian Rupee,0.01,0.01,EOSINR,B,,,B-EOS_INR
BTC,SUB,SUBBTC,,SUBBTC,Substratum,Bitcoin,1,1,SUBBTC,B,4,,B-SUB_BTC
USDT,MKR,MKRUSDT,,MKRUSDT,Maker,Tether,0.0001,0.0001,MKRUSDT,HB,,,HB-MKR_USDT
TUSD,ETC,ETCTUSD,,ETCTUSD,Ethereum Classic,True USD,0.001,0.001,ETCTUSD,B,,,B-ETC_TUSD
BTC,DOGE,DOGEBTC,,DOGEBTC,Doge,Bitcoin,1000,1000,DOGEBTC,HB,,,HB-DOGE_BTC
USDT,XRPBULL,XRPBULLUSDT,,XRPBULLUSDT,3x Long XRP Token,Tether,1.00E-05,1.00E-05,XRPBULLUSDT,B,2,,B-XRPBULL_USDT
BNB,NAS,NASBNB,,NASBNB,Nebulas,Binance Coin,0.1,0.1,NASBNB,B,,,B-NAS_BNB
BTC,BCHSV,BSVBTC,,BSVBTC,Bitcoin Cash SV,Bitcoin,0.001,0.001,BSVBTC,HB,,,HB-BCHSV_BTC
USDC,TFUEL,TFUELUSDC,,TFUELUSDC,Theta Fuel,USD Coin,1,1,TFUELUSDC,B,4,,B-TFUEL_USDC
BNB,MDT,MDTBNB,,MDTBNB,Measurable Data Token,Binance Coin,1,1,MDTBNB,B,1,,B-MDT_BNB
ETH,STORM,STORMETH,,STORMETH,Storm,Ethereum,1,1,STORMETH,B,5,,B-STORM_ETH
BTC,PAY,PAYBTC,,PAYBTC,TenX,Bitcoin,0.01,1,PAYBTC,H,,,H-PAY_BTC
ETH,GNT,GNTETH,,GNTETH,Golem,Ethereum,1,1,GNTETH,B,1,,B-GNT_ETH
BNB,STORM,STORMBNB,,STORMBNB,Storm,Binance Coin,1,1,STORMBNB,B,,,B-STORM_BNB
USDT,STRAT,STRATUSDT,,STRATUSDT,Stratis,Tether,0.01,0.01,STRATUSDT,B,4,,B-STRAT_USDT
BNB,GTO,GTOBNB,,GTOBNB,Gifto,Binance Coin,1,1,GTOBNB,B,,,B-GTO_BNB
BNB,ZRX,ZRXBNB,,ZRXBNB,0x,Binance Coin,0.1,0.1,ZRXBNB,B,,,B-ZRX_BNB
ETH,WTC,WTCETH,,WTCETH,Walton Chain,Ethereum,0.01,0.01,WTCETH,B,1,,B-WTC_ETH
BTC,WIKI,WIKIBTC,,WIKIBTC,WIKI Token,Bitcoin,1,1,WIKIBTC,HB,,,HB-WIKI_BTC
INR,BCH,BCHINR,,BCHINR,Bitcoin Cash,Indian Rupee,0.0001,0.0001,BCHINR,I,,,I-BCH_INR
INR,EOS,EOSINR,,EOSINR,EOS,Indian Rupee,0.0001,0.0001,EOSINR,I,,,I-EOS_INR
USDT,UFT,,,UFTUSDT,UniLend Finance Token,Tether,1,0,UFTUSDT,I,,,I-UFT_USDT
INR,CHR,,,CHRINR,Chromia,Indian Rupee,1,0,CHRINR,I,,,I-CHR_INR
ETH,AE,AEETH,,AEETH,Aeternity,Ethereum,0.0001,0.01,AEETH,H,,,H-AE_ETH
BTC,OCN,OCNBTC,,OCNBTC,Odyssey,Bitcoin,0.01,1,OCNBTC,H,,,H-OCN_BTC
INR,BNB,BNBINR,,BNBINR,Binance Coin,Indian Rupee,0.01,0.1,BNBINR,I,,,I-BNB_INR
BTC,LOC,LOCBTC,,LOCBTC,LockTrip,Bitcoin,10,10,LOCBTC,HB,,,HB-LOC_BTC
ETH,COMP,COMPETH,,COMPETH,Compound,Ethereum,0.01,0.01,COMPETH,H,,,H-COMP_ETH
INR,ONE,,,ONEINR,Harmony,Indian Rupee,1,0.1,ONEINR,I,,,I-ONE_INR
INR,LINK,LINKINR,,LINKINR,Chainlink,Indian Rupee,0.01,0.01,LINKINR,I,,,I-LINK_INR
ETH,ALGO,ALGOETH,,ALGOETH,Algorand,Ethereum,0.0001,0.01,ALGOETH,H,,,H-ALGO_ETH
ETH,SUSHI,SUSHIETH,,SUSHIETH,Sushi,Ethereum,0.0001,0.001,SUSHIETH,H,,,H-SUSHI_ETH
USDT,FOR,FORUSDT,,FORUSDT,The Force Protocol,Tether,0.01,1,FORUSDT,H,,,H-FOR_USDT
BTC,SWM,SWMBTC,,SWMBTC,Swarm Fund Token,Bitcoin,10,10,SWMBTC,HB,,,HB-SWM_BTC
ETH,YFII,YFIIETH,,YFIIETH,DFI.Money,Ethereum,0.0001,0.0001,YFIIETH,H,,,H-YFII_ETH
INR,USDT,USDTINR,,USDTINR,Tether,Indian Rupee,0.01,0.01,USDTINR,I,,,I-USDT_INR
BTC,HT,HTBTC,,HTBTC,Huobi Token,Bitcoin,0.01,1,HTBTC,H,,,H-HT_BTC
ETH,MTA,MTAETH,,MTAETH,Meta,Ethereum,0.0001,0.01,MTAETH,H,,,H-MTA_ETH
USDT,ACT,ACTUSDT,,ACTUSDT,Achain,Tether,0.01,0.1,ACTUSDT,H,,,H-ACT_USDT
BTC,LUNA,LUNABTC,,LUNABTC,Terra,Bitcoin,0.01,0.1,LUNABTC,H,,,H-LUNA_BTC
USDT,MTA,MTAUSDT,,MTAUSDT,Meta,Tether,0.0001,0.01,MTAUSDT,H,,,H-MTA_USDT
BTC,MTN,MTNBTC,,MTNBTC,MedicalChain,Bitcoin,0.01,1,MTNBTC,H,,,H-MTN_BTC
ETH,HC,HCETH,,HCETH,HyperCash,Ethereum,0.0001,0.01,HCETH,H,,,H-HC_ETH
USDT,HC,HCUSDT,,HCUSDT,HyperCash,Tether,0.0001,0.01,HCUSDT,H,,,H-HC_USDT
BTC,IIC,IICBTC,,IICBTC,Intelligent Investment Chain,Bitcoin,0.01,0.01,IICBTC,H,,,H-IIC_BTC
BTC,FSN,FSNBTC,,FSNBTC,Fusion,Bitcoin,0.01,0.01,FSNBTC,H,,,H-FSN_BTC
USDT,BTS,BTSUSDT,,BTSUSDT,Bitshares,Tether,0.1,0.1,BTSUSDT,B,,,B-BTS_USDT
BNB,SAND,SANDBNB,,SANDBNB,The Sandbox,Binance Coin,1,1,SANDBNB,B,,,B-SAND_BNB
USDT,MITH,MITHUSDT,,MITHUSDT,Mithril,Tether,0.1,0.1,MITHUSDT,B,1,,B-MITH_USDT
ETH,WAN,WANETH,,WANETH,Wanchain,Ethereum,0.01,0.01,WANETH,B,1,,B-WAN_ETH
XRP,TRX,TRXXRP,,TRXXRP,Tron,Ripple,0.1,0.1,TRXXRP,B,1,2,B-TRX_XRP
BNB,AVAX,AVAXBNB,,AVAXBNB,Avalanche,Binance Coin,0.1,0.1,AVAXBNB,B,,,B-AVAX_BNB
BTC,GAS,GASBTC,,GASBTC,NeoGas,Bitcoin,0.01,0.01,GASBTC,B,1,,B-GAS_BTC
TUSD,TRX,TRXTUSD,,TRXTUSD,Tron,True USD,0.1,0.1,TRXTUSD,B,,,B-TRX_TUSD
USDT,SXP,SXPUSDT,,SXPUSDT,Swipe,Tether,0.001,0.001,SXPUSDT,B,5,3,B-SXP_USDT
ETH,ZEC,ZECETH,,ZECETH,ZCash,Ethereum,0.001,0.001,ZECETH,B,1,,B-ZEC_ETH
BTC,BNT,BNTBTC,,BNTBTC,Bancor,Bitcoin,1,1,BNTBTC,B,4,,B-BNT_BTC
USDT,AION,AIONUSDT,,AIONUSDT,AION,Tether,0.01,0.01,AIONUSDT,B,2,,B-AION_USDT
ETH,IOTX,IOTXETH,,IOTXETH,IoTeX,Ethereum,1,1,IOTXETH,B,1,,B-IOTX_ETH
TUSD,LINK,LINKTUSD,,LINKTUSD,Chainlink,True USD,0.01,0.01,LINKTUSD,B,,,B-LINK_TUSD
BTC,ANT,ANTBTC,,ANTBTC,Aragon,Bitcoin,0.01,0.01,ANTBTC,B,,,B-ANT_BTC
BNB,ETC,ETCBNB,,ETCBNB,Ethereum Classic,Binance Coin,0.01,0.01,ETCBNB,B,,,B-ETC_BNB
BNB,CRV,CRVBNB,,CRVBNB,Curve,Binance Coin,0.01,0.01,CRVBNB,B,,,B-CRV_BNB
ETH,CMT,CMTETH,,CMTETH,CyberMiles,Ethereum,1,1,CMTETH,B,1,,B-CMT_ETH
USDT,XTZ,XTZUSDT,,XTZUSDT,Tezos,Tether,0.01,0.01,XTZUSDT,B,4,3,B-XTZ_USDT
BTC,XVG,XVGBTC,,XVGBTC,Verge,Bitcoin,1,1,XVGBTC,B,2,,B-XVG_BTC
BTC,QSP,QSPBTC,,QSPBTC,Quantstamp,Bitcoin,1,1,QSPBTC,B,1,,B-QSP_BTC
BTC,MITH,MITHBTC,,MITHBTC,Mithril,Bitcoin,1,1,MITHBTC,B,1,,B-MITH_BTC
BNB,ADA,ADABNB,,ADABNB,Cardano,Binance Coin,1,1,ADABNB,B,,,B-ADA_BNB
BNB,VET,VETBNB,,VETBNB,VeChain,Binance Coin,1,1,VETBNB,B,,,B-VET_BNB
BNB,RVN,RVNBNB,,RVNBNB,Ravencoin,Binance Coin,1,1,RVNBNB,B,,,B-RVN_BNB
ETH,STMX,STMXETH,,STMXETH,StormX,Ethereum,1,1,STMXETH,B,1,,B-STMX_ETH
USDT,GXC,GXCUSDT,,GXCUSDT,GXChain,Tether,0.0001,0.0001,GXCUSDT,H,,,H-GXC_USDT
ETH,ETN,ETNETH,,ETNETH,Electroneum,Ethereum,0.0001,0.0001,ETNETH,H,,,H-ETN_ETH
INR,CRO,CROINR,,CROINR,Crypto.com Coin,Indian Rupee,1,10,CROINR,I,,,I-CRO_INR
BTC,GXC,GXCBTC,,GXCBTC,GXChain,Bitcoin,0.01,0.01,GXCBTC,H,,,H-GXC_BTC
USDT,HT,HTUSDT,,HTUSDT,Huobi Token,Tether,0.01,0.01,HTUSDT,H,,,H-HT_USDT
BTC,HC,HCBTC,,HCBTC,HyperCash,Bitcoin,0.0001,0.01,HCBTC,H,,,H-HC_BTC
BTC,BCN,BCNBTC,,BCNBTC,Bytecoin,Bitcoin,100,100,BCNBTC,HB,,,HB-BCN_BTC
USDT,LUNA,LUNAUSDT,,LUNAUSDT,Terra,Tether,0.01,0.1,LUNAUSDT,H,,,H-LUNA_USDT
BTC,BANCA,BANCABTC,,BANCABTC,BANCA,Bitcoin,1000,1000,BANCABTC,HB,,,HB-BANCA_BTC
DAI,ETH,ETHDAI,,ETHDAI,Ethereum,Dai,1.00E-05,1.00E-05,ETHDAI,B,,,B-ETH_DAI
USDT,DREP,DREPUSDT,,DREPUSDT,DREP,Tether,1,1,DREPUSDT,B,1,3,B-DREP_USDT
ETH,ZRX,ZRXETH,,ZRXETH,0x,Ethereum,1,1,ZRXETH,B,1,2,B-ZRX_ETH
BTC,STRAX,STRAXBTC,,STRAXBTC,STRAX Token,Bitcoin,0.1,0.1,STRAXBTC,B,,,B-STRAX_BTC
USDT,SRM,SRMUSDT,,SRMUSDT,Serum,Tether,0.01,0.01,SRMUSDT,B,5,,B-SRM_USDT
USDT,PAX,PAXUSDT,,PAXUSDT,Paxos,Tether,0.01,0.01,PAXUSDT,B,4,,B-PAX_USDT
USDT,WAVES,WAVESUSDT,,WAVESUSDT,Waves,Tether,0.01,0.01,WAVESUSDT,B,5,2,B-WAVES_USDT
BNB,ONT,ONTBNB,,ONTBNB,Ontology,Binance Coin,0.1,0.1,ONTBNB,B,,,B-ONT_BNB
BTC,QTUM,QTUMBTC,,QTUMBTC,Qtum,Bitcoin,0.01,0.01,QTUMBTC,B,2,2,B-QTUM_BTC
BTC,DCR,DCRBTC,,DCRBTC,Decred,Bitcoin,0.001,0.001,DCRBTC,B,2,,B-DCR_BTC
USDT,JST,JSTUSDT,,JSTUSDT,JUST,Tether,0.1,0.1,JSTUSDT,B,2,,B-JST_USDT
USDT,SUN,SUNUSDT,,SUNUSDT,SUN,Tether,0.001,0.001,SUNUSDT,B,,,B-SUN_USDT
BNB,UNI,UNIBNB,,UNIBNB,Uniswap,Binance Coin,0.1,0.1,UNIBNB,B,,,B-UNI_BNB
BNB,ALPHA,ALPHABNB,,ALPHABNB,Alpha Finance Lab,Binance Coin,1,1,ALPHABNB,B,,,B-ALPHA_BNB
BTC,FET,FETBTC,,FETBTC,Fetch.AI,Bitcoin,1,1,FETBTC,B,2,,B-FET_BTC
USDT,TUSD,TUSDUSDT,,TUSDUSDT,True USD,Tether,0.01,0.01,TUSDUSDT,B,4,,B-TUSD_USDT
BNB,MATIC,MATICBNB,,MATICBNB,Matic Network,Binance Coin,1,1,MATICBNB,B,,,B-MATIC_BNB
TUSD,BTC,BTCTUSD,,BTCTUSD,Bitcoin,True USD,1.00E-06,1.00E-06,BTCTUSD,B,,,B-BTC_TUSD
USDT,ZIL,ZILUSDT,,ZILUSDT,Zilliqa,Tether,0.1,0.1,ZILUSDT,B,4,,B-ZIL_USDT
BTC,CDT,CDTBTC,,CDTBTC,CoinDash,Bitcoin,1,1,CDTBTC,B,1,,B-CDT_BTC
BTC,AAVE,AAVEBTC,,AAVEBTC,Aave,Bitcoin,0.01,0.01,AAVEBTC,B,2,2,B-AAVE_BTC
BTC,BLZ,BLZBTC,,BLZBTC,Bluzelle,Bitcoin,1,1,BLZBTC,B,2,,B-BLZ_BTC
ETH,NAS,NASETH,,NASETH,Nebulas,Ethereum,0.01,0.01,NASETH,B,1,,B-NAS_ETH
DAI,BNB,BNBDAI,,BNBDAI,Binance Coin,Dai,0.001,0.001,BNBDAI,B,,,B-BNB_DAI
ETH,EASY,EASYETH,,EASYETH,EasyFi,Ethereum,0.01,0.01,EASYETH,B,,,B-EASY_ETH
BTC,JST,JSTBTC,,JSTBTC,JUST,Bitcoin,1,1,JSTBTC,B,,,B-JST_BTC
BTC,ADX,ADXBTC,,ADXBTC,AdEx,Bitcoin,1,1,ADXBTC,B,2,,B-ADX_BTC
BNB,FTM,FTMBNB,,FTMBNB,Fantom,Binance Coin,1,1,FTMBNB,B,,,B-FTM_BNB
ETH,ICX,ICXETH,,ICXETH,ICON,Ethereum,0.01,0.01,ICXETH,B,1,,B-ICX_ETH
BNB,BTT,BTTBNB,,BTTBNB,BitTorrent,Binance Coin,1,1,BTTBNB,B,,,B-BTT_BNB
USDC,EOS,EOSUSDC,,EOSUSDC,EOS,USD Coin,0.01,0.01,EOSUSDC,B,,,B-EOS_USDC
BTC,MANA,MANABTC,,MANABTC,Decentraland,Bitcoin,1,1,MANABTC,B,2,,B-MANA_BTC
USDT,BAL,BALUSDT,,BALUSDT,Balancer,Tether,0.001,0.001,BALUSDT,B,2,,B-BAL_USDT
BTC,NANO,NANOBTC,,NANOBTC,Nano,Bitcoin,0.01,0.01,NANOBTC,B,2,,B-NANO_BTC
USDT,XLM,XLMUSDT,,XLMUSDT,Stellar Lumens,Tether,0.1,0.1,XLMUSDT,B,8,2,B-XLM_USDT
USDT,ZRX,ZRXUSDT,,ZRXUSDT,0x,Tether,0.01,0.01,ZRXUSDT,B,4,2,B-ZRX_USDT
BTC,AERGO,AERGOBTC,,AERGOBTC,Aergo,Bitcoin,1,1,AERGOBTC,B,,,B-AERGO_BTC
ETH,MANA,MANAETH,,MANAETH,Decentraland,Ethereum,1,1,MANAETH,B,1,,B-MANA_ETH
BTC,FIO,FIOBTC,,FIOBTC,FIO Protocol,Bitcoin,1,1,FIOBTC,B,1,,B-FIO_BTC
USDT,CHZ,CHZUSDT,,CHZUSDT,Chiliz,Tether,1,1,CHZUSDT,B,4,,B-CHZ_USDT
USDT,MDT,MDTUSDT,,MDTUSDT,Measurable Data Token,Tether,0.1,0.1,MDTUSDT,B,1,,B-MDT_USDT
BTC,WNXM,WNXMBTC,,WNXMBTC,Wrapped NXM,Bitcoin,0.001,0.001,WNXMBTC,B,2,,B-WNXM_BTC
BNB,CAKE,CAKEBNB,,CAKEBNB,PancakeSwap,Binance Coin,0.1,0.1,CAKEBNB,B,,,B-CAKE_BNB
USDT,DATA,DATAUSDT,,DATAUSDT,Streamr DATAcoin,Tether,0.1,0.1,DATAUSDT,B,1,,B-DATA_USDT
BNB,WAVES,WAVESBNB,,WAVESBNB,Waves,Binance Coin,0.1,0.1,WAVESBNB,B,,,B-WAVES_BNB
ETH,QLC,QLCETH,,QLCETH,QLink,Ethereum,1,1,QLCETH,B,1,,B-QLC_ETH
ETH,TRX,TRXETH,,TRXETH,Tron,Ethereum,1,1,TRXETH,B,4,2,B-TRX_ETH
USDT,LRC,LRCUSDT,,LRCUSDT,Loopring,Tether,0.1,0.1,LRCUSDT,B,3,,B-LRC_USDT
ETH,DEXE,DEXEETH,,DEXEETH,DeXe,Ethereum,0.01,0.01,DEXEETH,B,,,B-DEXE_ETH
BTC,LOOM,LOOMBTC,,LOOMBTC,Loom Network,Bitcoin,1,1,LOOMBTC,B,2,,B-LOOM_BTC
BTC,ONT,ONTBTC,,ONTBTC,Ontology,Bitcoin,0.01,0.01,ONTBTC,B,2,,B-ONT_BTC
USDT,WTC,WTCUSDT,,WTCUSDT,Walton Chain,Tether,0.01,0.01,WTCUSDT,B,1,,B-WTC_USDT
BTC,DUSK,DUSKBTC,,DUSKBTC,Dusk Network,Bitcoin,1,1,DUSKBTC,B,2,,B-DUSK_BTC
BTC,SCRT,SCRTBTC,,SCRTBTC,Secret Network,Bitcoin,1,1,SCRTBTC,B,,,B-SCRT_BTC
USDT,TROY,TROYUSDT,,TROYUSDT,Troy Token,Tether,1,1,TROYUSDT,B,1,,B-TROY_USDT
USDT,BEL,BELUSDT,,BELUSDT,Bella Protocol,Tether,0.01,0.01,BELUSDT,B,3,,B-BEL_USDT
USDT,NEO,NEOUSDT,,NEOUSDT,NEO,Tether,0.001,0.001,NEOUSDT,B,6,,B-NEO_USDT
BTC,SYS,SYSBTC,,SYSBTC,Syscoin,Bitcoin,1,1,SYSBTC,B,2,,B-SYS_BTC
TUSD,ETH,ETHTUSD,,ETHTUSD,Ethereum,True USD,1.00E-05,1.00E-05,ETHTUSD,B,,,B-ETH_TUSD
USDT,ATOM,ATOMUSDT,,ATOMUSDT,Cosmos,Tether,0.001,0.001,ATOMUSDT,B,6,2,B-ATOM_USDT
BTC,ZEC,ZECBTC,,ZECBTC,ZCash,Bitcoin,0.001,0.001,ZECBTC,B,4,2,B-ZEC_BTC
BTC,DLT,DLTBTC,,DLTBTC,Delta,Bitcoin,1,1,DLTBTC,B,1,,B-DLT_BTC
BTC,ARPA,ARPABTC,,ARPABTC,ARPA,Bitcoin,1,1,ARPABTC,B,2,,B-ARPA_BTC
USDT,ADA,ADAUSDT,,ADAUSDT,Cardano,Tether,0.1,0.1,ADAUSDT,B,6,3,B-ADA_USDT
ETH,LINK,LINKETH,,LINKETH,Chainlink,Ethereum,0.01,0.01,LINKETH,B,2,,B-LINK_ETH
TUSD,BTT,BTTTUSD,,BTTTUSD,BitTorrent,True USD,1,1,BTTTUSD,B,,,B-BTT_TUSD
BTC,CKB,CKBBTC,,CKBBTC,Nervos,Bitcoin,1,1,CKBBTC,B,,,B-CKB_BTC
BTC,LRC,LRCBTC,,LRCBTC,Loopring,Bitcoin,1,1,LRCBTC,B,2,,B-LRC_BTC
USDT,LSK,LSKUSDT,,LSKUSDT,Lisk Coin,Tether,0.01,0.01,LSKUSDT,B,1,2,B-LSK_USDT
USDT,CRV,CRVUSDT,,CRVUSDT,Curve,Tether,0.001,0.001,CRVUSDT,B,3,2,B-CRV_USDT
BNB,MBL,MBLBNB,,MBLBNB,MovieBloc,Binance Coin,1,1,MBLBNB,B,1,,B-MBL_BNB
BNB,FIO,FIOBNB,,FIOBNB,FIO Protocol,Binance Coin,0.1,0.1,FIOBNB,B,,,B-FIO_BNB
USDT,PERL,PERLUSDT,,PERLUSDT,Perlin,Tether,0.1,0.1,PERLUSDT,B,2,2,B-PERL_USDT
ETH,THETA,THETAETH,,THETAETH,Theta Token,Ethereum,1,1,THETAETH,B,1,,B-THETA_ETH
BTC,ONE,ONEBTC,,ONEBTC,Harmony,Bitcoin,1,1,ONEBTC,B,2,2,B-ONE_BTC
ETH,WAVES,WAVESETH,,WAVESETH,Waves,Ethereum,0.01,0.01,WAVESETH,B,1,,B-WAVES_ETH
ETH,BNB,BNBETH,,BNBETH,Binance Coin,Ethereum,0.01,0.01,BNBETH,B,4,4,B-BNB_ETH
BNB,SPARTA,SPARTABNB,,SPARTABNB,Spartan Protocol,Binance Coin,1,1,SPARTABNB,B,,,B-SPARTA_BNB
ETH,CVC,CVCETH,,CVCETH,Civic,Ethereum,1,1,CVCETH,B,1,,B-CVC_ETH
BTC,TRX,TRXBTC,,TRXBTC,Tron,Bitcoin,1,1,TRXBTC,B,6,2,B-TRX_BTC
USDT,HBAR,HBARUSDT,,HBARUSDT,Hedera Hashgraph,Tether,0.1,0.1,HBARUSDT,B,2,,B-HBAR_USDT
USDT,NANO,NANOUSDT,,NANOUSDT,Nano,Tether,0.01,0.01,NANOUSDT,B,2,,B-NANO_USDT
BTC,FIL,FILBTC,,FILBTC,Filecoin,Bitcoin,0.01,0.01,FILBTC,B,,,B-FIL_BTC
BNB,ZEC,ZECBNB,,ZECBNB,ZCash,Binance Coin,0.001,0.001,ZECBNB,B,,,B-ZEC_BNB
BTC,COS,COSBTC,,COSBTC,Contentos,Bitcoin,1,1,COSBTC,B,1,,B-COS_BTC
BNB,TRX,TRXBNB,,TRXBNB,Tron,Binance Coin,1,1,TRXBNB,B,,,B-TRX_BNB
ETH,MFT,MFTETH,,MFTETH,Mainframe,Ethereum,1,1,MFTETH,B,1,,B-MFT_ETH
USDT,WIN,WINUSDT,,WINUSDT,WINK,Tether,1,1,WINUSDT,B,2,,B-WIN_USDT
BTC,WAVES,WAVESBTC,,WAVESBTC,Waves,Bitcoin,0.01,0.01,WAVESBTC,B,4,2,B-WAVES_BTC
BTC,REN,RENBTC,,RENBTC,Republic Protocol,Bitcoin,1,1,RENBTC,B,4,2,B-REN_BTC
BTC,ARK,ARKBTC,,ARKBTC,Ark,Bitcoin,1,1,ARKBTC,B,1,,B-ARK_BTC
ETH,BQX,BQXETH,,BQXETH,Voyager,Ethereum,1,1,BQXETH,B,1,,B-BQX_ETH
BNB,DOT,DOTBNB,,DOTBNB,Polkadot,Binance Coin,0.1,0.1,DOTBNB,B,,,B-DOT_BNB
BTC,REQ,REQBTC,,REQBTC,Request,Bitcoin,1,1,REQBTC,B,1,,B-REQ_BTC
USDT,FUN,FUNUSDT,,FUNUSDT,FunFair,Tether,1,1,FUNUSDT,B,1,,B-FUN_USDT
BTC,LTC,LTCBTC,,LTCBTC,Litecoin,Bitcoin,0.01,0.01,LTCBTC,B,6,2,B-LTC_BTC
USDT,BLZ,BLZUSDT,,BLZUSDT,Bluzelle,Tether,0.1,0.1,BLZUSDT,B,,,B-BLZ_USDT
BTC,SC,SCBTC,,SCBTC,Siacoin,Bitcoin,1,1,SCBTC,B,1,,B-SC_BTC
BNB,IQ,IQBNB,,IQBNB,Everipedia,Binance Coin,1,1,IQBNB,B,,,B-IQ_BNB
USDT,BNT,BNTUSDT,,BNTUSDT,Bancor,Tether,0.01,0.01,BNTUSDT,B,,,B-BNT_USDT
BTC,VIA,VIABTC,,VIABTC,Viacoin,Bitcoin,1,1,VIABTC,B,1,,B-VIA_BTC
USDT,TOMO,TOMOUSDT,,TOMOUSDT,TomoChain,Tether,0.01,0.01,TOMOUSDT,B,4,2,B-TOMO_USDT
BTC,BZRX,BZRXBTC,,BZRXBTC,bZx Protocol,Bitcoin,1,1,BZRXBTC,B,2,,B-BZRX_BTC
USDT,STRAX,STRAXUSDT,,STRAXUSDT,STRAX Token,Tether,0.01,0.01,STRAXUSDT,B,,,B-STRAX_USDT
BTC,MKR,MKRBTC,,MKRBTC,Maker,Bitcoin,0.001,0.001,MKRBTC,B,,,B-MKR_BTC
USDT,AVAX,AVAXUSDT,,AVAXUSDT,Avalanche,Tether,0.01,0.01,AVAXUSDT,B,,,B-AVAX_USDT
BNB,WABI,WABIBNB,,WABIBNB,WaBi,Binance Coin,1,1,WABIBNB,B,,,B-WABI_BNB
USDT,COMP,COMPUSDT,,COMPUSDT,Compound,Tether,1.00E-05,1.00E-05,COMPUSDT,B,4,2,B-COMP_USDT
DAI,BTC,BTCDAI,,BTCDAI,Bitcoin,Dai,1.00E-06,1.00E-06,BTCDAI,B,,,B-BTC_DAI
USDT,BEAM,BEAMUSDT,,BEAMUSDT,BEAM,Tether,0.01,0.01,BEAMUSDT,B,1,,B-BEAM_USDT
ETH,HOT,HOTETH,,HOTETH,Holo,Ethereum,1,1,HOTETH,B,1,,B-HOT_ETH
ETH,ONT,ONTETH,,ONTETH,Ontology,Ethereum,0.01,0.01,ONTETH,B,1,,B-ONT_ETH
BNB,YFI,YFIBNB,,YFIBNB,yearn.finance,Binance Coin,0.0001,0.0001,YFIBNB,B,,,B-YFI_BNB
BTC,DNT,DNTBTC,2,DNTBTC,district0x,Bitcoin,1,1,DNTBTC,B,2,,B-DNT_BTC
BTC,MDA,MDABTC,,MDABTC,Moeda Loyalty Points,Bitcoin,1,1,MDABTC,B,1,,B-MDA_BTC
ETH,DATA,DATAETH,,DATAETH,Streamr DATAcoin,Ethereum,1,1,DATAETH,B,1,,B-DATA_ETH
ETH,POWR,POWRETH,,POWRETH,Power Ledger,Ethereum,1,1,POWRETH,B,1,,B-POWR_ETH
BTC,DREP,DREPBTC,,DREPBTC,DREP,Bitcoin,1,1,DREPBTC,B,1,2,B-DREP_BTC
USDT,FTM,FTMUSDT,,FTMUSDT,Fantom,Tether,0.1,0.1,FTMUSDT,B,3,,B-FTM_USDT
BTC,AXS,AXSBTC,,AXSBTC,Axie Infinity,Bitcoin,1,1,AXSBTC,B,,,B-AXS_BTC
BNB,WAN,WANBNB,,WANBNB,Wanchain,Binance Coin,0.1,0.1,WANBNB,B,,,B-WAN_BNB
USDT,AAVE,AAVEUSDT,,AAVEUSDT,Aave,Tether,0.001,0.001,AAVEUSDT,B,5,2,B-AAVE_USDT
ETH,ADA,ADAETH,,ADAETH,Cardano,Ethereum,1,1,ADAETH,B,2,2,B-ADA_ETH
BTC,NBS,NBSBTC,,NBSBTC,New Bitshares,Bitcoin,1,1,NBSBTC,B,2,,B-NBS_BTC
BTC,EVX,EVXBTC,,EVXBTC,Everex,Bitcoin,1,1,EVXBTC,B,1,,B-EVX_BTC
USDT,CVC,CVCUSDT,,CVCUSDT,Civic,Tether,0.1,0.1,CVCUSDT,B,4,,B-CVC_USDT
USDT,SUSHI,SUSHIUSDT,,SUSHIUSDT,Sushi,Tether,0.001,0.001,SUSHIUSDT,B,4,,B-SUSHI_USDT
BTC,TNB,TNBBTC,,TNBBTC,Time New Bank,Bitcoin,1,1,TNBBTC,B,1,,B-TNB_BTC
USDT,TRX,TRXUSDT,,TRXUSDT,Tron,Tether,0.1,0.1,TRXUSDT,B,8,2,B-TRX_USDT
USDT,DOT,DOTUSDT,,DOTUSDT,Polkadot,Tether,0.01,0.01,DOTUSDT,B,5,2,B-DOT_USDT
BNB,ALGO,ALGOBNB,,ALGOBNB,Algorand,Binance Coin,0.1,0.1,ALGOBNB,B,,,B-ALGO_BNB
BNB,ATOM,ATOMBNB,,ATOMBNB,Cosmos,Binance Coin,0.01,0.01,ATOMBNB,B,,,B-ATOM_BNB
TUSD,LTC,LTCTUSD,,LTCTUSD,Litecoin,True USD,1.00E-05,1.00E-05,LTCTUSD,B,,,B-LTC_TUSD
BNB,AXS,AXSBNB,,AXSBNB,Axie Infinity,Binance Coin,1,1,AXSBNB,B,,,B-AXS_BNB
USDT,BTC,BTCUSDT,,BTCUSDT,Bitcoin,Tether,1.00E-06,1.00E-06,BTCUSDT,B,10,6,B-BTC_USDT
USDT,UNI,UNIUSDT,,UNIUSDT,Uniswap,Tether,0.01,0.01,UNIUSDT,B,4,2,B-UNI_USDT
BNB,ZIL,ZILBNB,,ZILBNB,Zilliqa,Binance Coin,1,1,ZILBNB,B,,,B-ZIL_BNB
USDT,UMA,UMAUSDT,,UMAUSDT,UMA,Tether,0.001,0.001,UMAUSDT,B,2,,B-UMA_USDT
USDT,ONT,ONTUSDT,,ONTUSDT,Ontology,Tether,0.01,0.01,ONTUSDT,B,6,,B-ONT_USDT
BNB,FET,FETBNB,,FETBNB,Fetch.AI,Binance Coin,1,1,FETBNB,B,,,B-FET_BNB
BTC,BRD,BRDBTC,,BRDBTC,Bread,Bitcoin,1,1,BRDBTC,B,1,,B-BRD_BTC
BTC,POLY,POLYBTC,,POLYBTC,Polymath,Bitcoin,1,1,POLYBTC,B,1,,B-POLY_BTC
BTC,ETH,ETHBTC,,ETHBTC,Ethereum,Bitcoin,0.001,0.001,ETHBTC,B,10,5,B-ETH_BTC
ETH,OST,OSTETH,,OSTETH,OST,Ethereum,1,1,OSTETH,B,1,,B-OST_ETH
USDT,ZEC,ZECUSDT,,ZECUSDT,ZCash,Tether,1.00E-05,1.00E-05,ZECUSDT,B,6,2,B-ZEC_USDT
USDT,BZRX,BZRXUSDT,,BZRXUSDT,bZx Protocol,Tether,0.01,0.01,BZRXUSDT,B,3,,B-BZRX_USDT
ETH,AAVE,AAVEETH,,AAVEETH,Aave,Ethereum,0.001,0.001,AAVEETH,B,,,B-AAVE_ETH
BTC,SNM,SNMBTC,,SNMBTC,Sonm,Bitcoin,1,1,SNMBTC,B,1,,B-SNM_BTC
BTC,SNX,SNXBTC,,SNXBTC,Synthetix Network Token,Bitcoin,0.01,0.01,SNXBTC,B,2,,B-SNX_BTC
ETH,AMB,AMBETH,,AMBETH,Amber,Ethereum,1,1,AMBETH,B,1,,B-AMB_ETH
BTC,DATA,DATABTC,,DATABTC,Streamr DATAcoin,Bitcoin,1,1,DATABTC,B,1,,B-DATA_BTC
BTC,WING,WINGBTC,,WINGBTC,Wing Token,Bitcoin,0.001,0.001,WINGBTC,B,2,,B-WING_BTC
USDT,ALPHA,ALPHAUSDT,,ALPHAUSDT,Alpha Finance Lab,Tether,0.1,0.1,ALPHAUSDT,B,,,B-ALPHA_USDT
USDT,COS,COSUSDT,,COSUSDT,Contentos,Tether,0.1,0.1,COSUSDT,B,1,,B-COS_USDT
BNB,XMR,XMRBNB,,XMRBNB,Monero,Binance Coin,0.001,0.001,XMRBNB,B,,,B-XMR_BNB
BTC,PIVX,PIVXBTC,,PIVXBTC,PIVX,Bitcoin,1,1,PIVXBTC,B,1,,B-PIVX_BTC
ETH,RLC,RLCETH,,RLCETH,iExec RLC,Ethereum,0.01,0.01,RLCETH,B,1,,B-RLC_ETH
BNB,SNX,SNXBNB,,SNXBNB,Synthetix Network Token,Binance Coin,0.01,0.01,SNXBNB,B,,,B-SNX_BNB
BTC,YFI,YFIBTC,,YFIBTC,yearn.finance,Bitcoin,0.0001,0.0001,YFIBTC,B,5,2,B-YFI_BTC
BTC,WTC,WTCBTC,,WTCBTC,Walton Chain,Bitcoin,0.01,0.01,WTCBTC,B,1,,B-WTC_BTC
ETH,LRC,LRCETH,,LRCETH,Loopring,Ethereum,1,1,LRCETH,B,1,,B-LRC_ETH
BTC,NEBL,NEBLBTC,,NEBLBTC,Neblio,Bitcoin,1,1,NEBLBTC,B,1,,B-NEBL_BTC
BNB,CELR,CELRBNB,,CELRBNB,Celer,Binance Coin,1,1,CELRBNB,B,,,B-CELR_BNB
ETH,XLM,XLMETH,,XLMETH,Stellar Lumens,Ethereum,1,1,XLMETH,B,2,2,B-XLM_ETH
USDT,XRP,XRPUSDT,,XRPUSDT,Ripple,Tether,0.1,0.1,XRPUSDT,B,10,4,B-XRP_USDT
BTC,VIB,VIBBTC,,VIBBTC,Viberate,Bitcoin,1,1,VIBBTC,B,1,,B-VIB_BTC
BTC,MDT,MDTBTC,,MDTBTC,Measurable Data Token,Bitcoin,1,1,MDTBTC,B,2,,B-MDT_BTC
ETH,ETC,ETCETH,,ETCETH,Ethereum Classic,Ethereum,0.01,0.01,ETCETH,B,1,,B-ETC_ETH
USDT,ICX,ICXUSDT,,ICXUSDT,ICON,Tether,0.01,0.01,ICXUSDT,B,4,2,B-ICX_USDT
USDT,MBL,MBLUSDT,,MBLUSDT,MovieBloc,Tether,1,1,MBLUSDT,B,1,,B-MBL_USDT
BTC,BCH,BCHBTC,,BCHBTC,Bitcoin Cash,Bitcoin,0.001,0.001,BCHBTC,B,5,,B-BCH_BTC
USDT,KAVA,KAVAUSDT,,KAVAUSDT,KAVA,Tether,0.01,0.01,KAVAUSDT,B,4,,B-KAVA_USDT
USDT,AXS,AXSUSDT,,AXSUSDT,Axie Infinity,Tether,0.1,0.1,AXSUSDT,B,,,B-AXS_USDT
ETH,IOTA,IOTAETH,,IOTAETH,IOTA,Ethereum,1,1,IOTAETH,B,1,,B-IOTA_ETH
BTC,RCN,RCNBTC,,RCNBTC,Ripio Credit Network,Bitcoin,1,1,RCNBTC,B,1,,B-RCN_BTC
BNB,FIL,FILBNB,,FILBNB,Filecoin,Binance Coin,0.1,0.1,FILBNB,B,,,B-FIL_BNB
ETH,WBTC,WBTCETH,,WBTCETH,Wrapped Bitcoin,Ethereum,0.0001,0.0001,WBTCETH,B,,,B-WBTC_ETH
BTC,IOTA,IOTABTC,,IOTABTC,IOTA,Bitcoin,1,1,IOTABTC,B,2,,B-IOTA_BTC
BNB,SRM,SRMBNB,,SRMBNB,Serum,Binance Coin,1,1,SRMBNB,B,,,B-SRM_BNB
BTC,ETC,ETCBTC,,ETCBTC,Ethereum Classic,Bitcoin,0.01,0.01,ETCBTC,B,2,,B-ETC_BTC
BTC,XEM,XEMBTC,,XEMBTC,NEM,Bitcoin,1,1,XEMBTC,B,4,2,B-XEM_BTC
ETH,VIB,VIBETH,,VIBETH,Viberate,Ethereum,1,1,VIBETH,B,1,,B-VIB_ETH
DAI,USDT,USDTDAI,,USDTDAI,Tether,Dai,0.01,0.01,USDTDAI,B,,,B-USDT_DAI
BTC,CRV,CRVBTC,,CRVBTC,Curve,Bitcoin,0.01,0.01,CRVBTC,B,3,2,B-CRV_BTC
BTC,LSK,LSKBTC,,LSKBTC,Lisk Coin,Bitcoin,0.01,0.01,LSKBTC,B,1,2,B-LSK_BTC
BNB,ZEN,ZENBNB,,ZENBNB,Horizen,Binance Coin,0.01,0.01,ZENBNB,B,,,B-ZEN_BNB
BNB,BLZ,BLZBNB,,BLZBNB,Bluzelle,Binance Coin,1,1,BLZBNB,B,,,B-BLZ_BNB
ETH,MTL,MTLETH,,MTLETH,Metal,Ethereum,0.01,0.01,MTLETH,B,1,,B-MTL_ETH
ETH,XVG,XVGETH,,XVGETH,Verge,Ethereum,1,1,XVGETH,B,1,,B-XVG_ETH
BNB,RUNE,RUNEBNB,,RUNEBNB,THORChain,Binance Coin,0.1,0.1,RUNEBNB,B,,,B-RUNE_BNB
USDT,NULS,NULSUSDT,,NULSUSDT,Nuls,Tether,0.01,0.01,NULSUSDT,B,1,,B-NULS_USDT
ETH,AION,AIONETH,,AIONETH,AION,Ethereum,0.01,0.01,AIONETH,B,1,,B-AION_ETH
ETH,OMG,OMGETH,,OMGETH,OmiseGO,Ethereum,0.01,0.01,OMGETH,B,1,,B-OMG_ETH
BTC,KAVA,KAVABTC,,KAVABTC,KAVA,Bitcoin,1,1,KAVABTC,B,2,,B-KAVA_BTC
BNB,HOT,HOTBNB,,HOTBNB,Holo,Binance Coin,1,1,HOTBNB,B,,,B-HOT_BNB
ETH,NEBL,NEBLETH,,NEBLETH,Neblio,Ethereum,0.01,0.01,NEBLETH,B,1,,B-NEBL_ETH
USDT,OXT,OXTUSDT,,OXTUSDT,Orchid,Tether,0.01,0.01,OXTUSDT,B,2,,B-OXT_USDT
BTC,PNT,PNTBTC,,PNTBTC,pNetwork Token,Bitcoin,1,1,PNTBTC,B,,,B-PNT_BTC
BTC,POWR,POWRBTC,,POWRBTC,Power Ledger,Bitcoin,1,1,POWRBTC,B,1,,B-POWR_BTC
USDT,HOT,HOTUSDT,,HOTUSDT,Holo,Tether,1,1,HOTUSDT,B,2,,B-HOT_USDT
BTC,ELF,ELFBTC,,ELFBTC,Aelf,Bitcoin,1,1,ELFBTC,B,2,,B-ELF_BTC
ETH,PIVX,PIVXETH,,PIVXETH,PIVX,Ethereum,0.01,0.01,PIVXETH,B,1,,B-PIVX_ETH
BNB,XLM,XLMBNB,,XLMBNB,Stellar Lumens,Binance Coin,1,1,XLMBNB,B,,,B-XLM_BNB
BTC,XRP,XRPBTC,,XRPBTC,Ripple,Bitcoin,1,1,XRPBTC,B,10,2,B-XRP_BTC
USDT,RVN,RVNUSDT,,RVNUSDT,Ravencoin,Tether,0.1,0.1,RVNUSDT,B,2,3,B-RVN_USDT
BNB,DGB,DGBBNB,,DGBBNB,DigiByte,Binance Coin,1,1,DGBBNB,B,,,B-DGB_BNB
USDT,SNX,SNXUSDT,,SNXUSDT,Synthetix Network Token,Tether,0.001,0.001,SNXUSDT,B,2,,B-SNX_USDT
USDT,FTT,FTTUSDT,,FTTUSDT,FTX Token,Tether,0.001,0.001,FTTUSDT,B,2,,B-FTT_USDT
BTC,BNB,BNBBTC,,BNBBTC,Binance Coin,Bitcoin,0.01,0.01,BNBBTC,B,6,2,B-BNB_BTC
BTC,AVAX,AVAXBTC,,AVAXBTC,Avalanche,Bitcoin,0.1,0.1,AVAXBTC,B,,,B-AVAX_BTC
USDT,WING,WINGUSDT,,WINGUSDT,Wing Token,Tether,0.001,0.001,WINGUSDT,B,2,,B-WING_USDT
USDT,COTI,COTIUSDT,,COTIUSDT,COTI,Tether,0.1,0.1,COTIUSDT,B,4,2,B-COTI_USDT
BTC,EGLD,EGLDBTC,,EGLDBTC,Elrond eGold,Bitcoin,0.001,0.001,EGLDBTC,B,3,,B-EGLD_BTC
BTC,OST,OSTBTC,,OSTBTC,OST,Bitcoin,1,1,OSTBTC,B,2,,B-OST_BTC
BTC,TRB,TRBBTC,,TRBBTC,Tellor,Bitcoin,0.001,0.001,TRBBTC,B,2,,B-TRB_BTC
BTC,CTSI,CTSIBTC,,CTSIBTC,Cartesi,Bitcoin,1,1,CTSIBTC,B,2,,B-CTSI_BTC
BTC,RUNE,RUNEBTC,,RUNEBTC,THORChain,Bitcoin,1,1,RUNEBTC,B,2,,B-RUNE_BTC
ETH,LTC,LTCETH,,LTCETH,Litecoin,Ethereum,0.001,0.001,LTCETH,B,2,2,B-LTC_ETH
USDT,MKR,MKRUSDT,,MKRUSDT,Maker,Tether,1.00E-05,1.00E-05,MKRUSDT,B,,,B-MKR_USDT
BTC,DOCK,DOCKBTC,,DOCKBTC,Dock,Bitcoin,1,1,DOCKBTC,B,2,,B-DOCK_BTC
ETH,ENJ,ENJETH,,ENJETH,Enjin Coin,Ethereum,1,1,ENJETH,B,1,,B-ENJ_ETH
BTC,IOTX,IOTXBTC,,IOTXBTC,IoTeX,Bitcoin,1,1,IOTXBTC,B,1,,B-IOTX_BTC
BTC,SXP,SXPBTC,,SXPBTC,Swipe,Bitcoin,1,1,SXPBTC,B,5,2,B-SXP_BTC
BNB,EGLD,EGLDBNB,,EGLDBNB,Elrond eGold,Binance Coin,0.01,0.01,EGLDBNB,B,,,B-EGLD_BNB
BNB,XRP,XRPBNB,,XRPBNB,Ripple,Binance Coin,0.1,0.1,XRPBNB,B,,,B-XRP_BNB
BTC,SOL,SOLBTC,,SOLBTC,Solana,Bitcoin,1,1,SOLBTC,B,2,,B-SOL_BTC
BNB,MFT,MFTBNB,,MFTBNB,Mainframe,Binance Coin,1,1,MFTBNB,B,,,B-MFT_BNB
BNB,THETA,THETABNB,,THETABNB,Theta Token,Binance Coin,1,1,THETABNB,B,,,B-THETA_BNB
BNB,CREAM,CREAMBNB,,CREAMBNB,Cream Finance,Binance Coin,0.01,0.01,CREAMBNB,B,,,B-CREAM_BNB
USDT,HIVE,HIVEUSDT,,HIVEUSDT,Hive,Tether,0.01,0.01,HIVEUSDT,B,1,,B-HIVE_USDT
USDT,DENT,DENTUSDT,,DENTUSDT,Dent,Tether,1,1,DENTUSDT,B,1,,B-DENT_USDT
BNB,NEO,NEOBNB,,NEOBNB,NEO,Binance Coin,0.01,0.01,NEOBNB,B,,,B-NEO_BNB
BTC,YFII,YFIIBTC,,YFIIBTC,DFI.Money,Bitcoin,0.0001,0.0001,YFIIBTC,B,3,2,B-YFII_BTC
BTC,AMB,AMBBTC,,AMBBTC,Amber,Bitcoin,1,1,AMBBTC,B,1,,B-AMB_BTC
BTC,GO,GOBTC,,GOBTC,Gochain,Bitcoin,1,1,GOBTC,B,1,,B-GO_BTC
BTC,OMG,OMGBTC,,OMGBTC,OmiseGO,Bitcoin,0.01,0.01,OMGBTC,B,4,2,B-OMG_BTC
BTC,ANKR,ANKRBTC,,ANKRBTC,Ankr,Bitcoin,1,1,ANKRBTC,B,1,,B-ANKR_BTC
BTC,SRM,SRMBTC,,SRMBTC,Serum,Bitcoin,1,1,SRMBTC,B,2,,B-SRM_BTC
BNB,WTC,WTCBNB,,WTCBNB,Walton Chain,Binance Coin,0.1,0.1,WTCBNB,B,,,B-WTC_BNB
ETH,VET,VETETH,,VETETH,VeChain,Ethereum,1,1,VETETH,B,2,2,B-VET_ETH
USDT,IOST,IOSTUSDT,,IOSTUSDT,IOSToken,Tether,1,1,IOSTUSDT,B,4,3,B-IOST_USDT
ETH,BAT,BATETH,,BATETH,Basic Attention Token,Ethereum,1,1,BATETH,B,1,2,B-BAT_ETH
BNB,EOS,EOSBNB,,EOSBNB,EOS,Binance Coin,0.01,0.01,EOSBNB,B,,,B-EOS_BNB
BTC,PHB,PHBBTC,,PHBBTC,Red Pulse Phoenix Binance,Bitcoin,1,1,PHBBTC,B,1,,B-PHB_BTC
USDT,TWT,TWTUSDT,,TWTUSDT,Trust Wallet Token,Tether,0.01,0.01,TWTUSDT,B,,,B-TWT_USDT
BTC,IRIS,IRISBTC,,IRISBTC,IRISnet,Bitcoin,1,1,IRISBTC,B,1,,B-IRIS_BTC
BTC,SUN,SUNBTC,,SUNBTC,SUN,Bitcoin,0.001,0.001,SUNBTC,B,,,B-SUN_BTC
BTC,OAX,OAXBTC,,OAXBTC,openANX,Bitcoin,1,1,OAXBTC,B,1,,B-OAX_BTC
BTC,MTH,MTHBTC,,MTHBTC,Monetha,Bitcoin,1,1,MTHBTC,B,1,,B-MTH_BTC
BTC,STEEM,STEEMBTC,,STEEMBTC,STEEM,Bitcoin,1,1,STEEMBTC,B,2,,B-STEEM_BTC
ETH,CDT,CDTETH,,CDTETH,CoinDash,Ethereum,1,1,CDTETH,B,1,,B-CDT_ETH
USDT,IOTA,IOTAUSDT,,IOTAUSDT,IOTA,Tether,0.01,0.01,IOTAUSDT,B,4,,B-IOTA_USDT
BNB,ENJ,ENJBNB,,ENJBNB,Enjin Coin,Binance Coin,1,1,ENJBNB,B,,,B-ENJ_BNB
BTC,PPT,PPTBTC,,PPTBTC,Populous,Bitcoin,1,1,PPTBTC,B,1,,B-PPT_BTC
BTC,BAND,BANDBTC,,BANDBTC,Band Protocol,Bitcoin,0.1,0.1,BANDBTC,B,3,2,B-BAND_BTC
BTC,AVA,AVABTC,,AVABTC,Travala.com,Bitcoin,0.01,0.01,AVABTC,B,,,B-AVA_BTC
USDT,WAN,WANUSDT,,WANUSDT,Wanchain,Tether,0.01,0.01,WANUSDT,B,1,,B-WAN_USDT
USDT,BCH,BCHUSDT,,BCHUSDT,Bitcoin Cash,Tether,1.00E-05,1.00E-05,BCHUSDT,B,8,,B-BCH_USDT
BNB,ANT,ANTBNB,,ANTBNB,Aragon,Binance Coin,0.01,0.01,ANTBNB,B,,,B-ANT_BNB
USDT,ARPA,ARPAUSDT,,ARPAUSDT,ARPA,Tether,0.1,0.1,ARPAUSDT,B,2,,B-ARPA_USDT
BTC,AGI,AGIBTC,,AGIBTC,Singularity NET,Bitcoin,1,1,AGIBTC,B,1,,B-AGI_BTC
USDT,ANT,ANTUSDT,,ANTUSDT,Aragon,Tether,0.01,0.01,ANTUSDT,B,,,B-ANT_USDT
BTC,UMA,UMABTC,,UMABTC,UMA,Bitcoin,0.001,0.001,UMABTC,B,2,,B-UMA_BTC
BTC,ZRX,ZRXBTC,,ZRXBTC,0x,Bitcoin,1,1,ZRXBTC,B,2,3,B-ZRX_BTC
USDT,MTL,MTLUSDT,,MTLUSDT,Metal,Tether,0.01,0.01,MTLUSDT,B,2,,B-MTL_USDT
BNB,MKR,MKRBNB,,MKRBNB,Maker,Binance Coin,0.001,0.001,MKRBNB,B,,,B-MKR_BNB
USDT,MATIC,MATICUSDT,,MATICUSDT,Matic Network,Tether,0.1,0.1,MATICUSDT,B,5,2,B-MATIC_USDT
BTC,POA,POABTC,,POABTC,POA Network,Bitcoin,1,1,POABTC,B,1,,B-POA_BTC
BNB,MITH,MITHBNB,,MITHBNB,Mithril,Binance Coin,1,1,MITHBNB,B,,,B-MITH_BNB
BTC,MTL,MTLBTC,,MTLBTC,Metal,Bitcoin,1,1,MTLBTC,B,2,,B-MTL_BTC
TUSD,PHB,PHBTUSD,,PHBTUSD,Red Pulse Phoenix Binance,True USD,0.1,0.1,PHBTUSD,B,,,B-PHB_TUSD
BNB,BAT,BATBNB,,BATBNB,Basic Attention Token,Binance Coin,0.1,0.1,BATBNB,B,,,B-BAT_BNB
TUSD,ALGO,ALGOTUSD,,ALGOTUSD,Algorand,True USD,0.01,0.01,ALGOTUSD,B,,,B-ALGO_TUSD
BTC,TOMO,TOMOBTC,,TOMOBTC,TomoChain,Bitcoin,1,1,TOMOBTC,B,2,2,B-TOMO_BTC
BTC,HBAR,HBARBTC,,HBARBTC,Hedera Hashgraph,Bitcoin,1,1,HBARBTC,B,2,,B-HBAR_BTC
BTC,XLM,XLMBTC,,XLMBTC,Stellar Lumens,Bitcoin,1,1,XLMBTC,B,4,2,B-XLM_BTC
USDT,FLM,FLMUSDT,,FLMUSDT,Flamingo,Tether,0.01,0.01,FLMUSDT,B,,,B-FLM_USDT
BNB,WNXM,WNXMBNB,,WNXMBNB,Wrapped NXM,Binance Coin,0.001,0.001,WNXMBNB,B,,,B-WNXM_BNB
ETH,STRAX,STRAXETH,,STRAXETH,STRAX Token,Ethereum,0.01,0.01,STRAXETH,B,,,B-STRAX_ETH
BTC,NMR,NMRBTC,,NMRBTC,Numeraire,Bitcoin,0.001,0.001,NMRBTC,B,1,,B-NMR_BTC
BTC,VET,VETBTC,,VETBTC,VeChain,Bitcoin,1,1,VETBTC,B,6,2,B-VET_BTC
USDT,DOGE,DOGEUSDT,,DOGEUSDT,Doge,Tether,1,1,DOGEUSDT,B,4,,B-DOGE_USDT
BTC,QLC,QLCBTC,,QLCBTC,QLink,Bitcoin,1,1,QLCBTC,B,1,,B-QLC_BTC
USDT,ETH,ETHUSDT,,ETHUSDT,Ethereum,Tether,1.00E-05,1.00E-05,ETHUSDT,B,10,5,B-ETH_USDT
BNB,WING,WINGBNB,,WINGBNB,Wing Token,Binance Coin,0.01,0.01,WINGBNB,B,,,B-WING_BNB
USDT,YFII,YFIIUSDT,,YFIIUSDT,DFI.Money,Tether,1.00E-06,1.00E-06,YFIIUSDT,B,4,2,B-YFII_USDT
ETH,KMD,KMDETH,,KMDETH,Komodo,Ethereum,0.01,0.01,KMDETH,B,1,,B-KMD_ETH
USDT,ETC,ETCUSDT,,ETCUSDT,Ethereum Classic,Tether,0.01,0.01,ETCUSDT,B,6,,B-ETC_USDT
ETH,IOST,IOSTETH,,IOSTETH,IOSToken,Ethereum,1,1,IOSTETH,B,1,,B-IOST_ETH
BNB,BAND,BANDBNB,,BANDBNB,Band Protocol,Binance Coin,0.1,0.1,BANDBNB,B,,,B-BAND_BNB
ETH,QSP,QSPETH,,QSPETH,Quantstamp,Ethereum,1,1,QSPETH,B,1,,B-QSP_ETH
BNB,LTC,LTCBNB,,LTCBNB,Litecoin,Binance Coin,0.001,0.001,LTCBNB,B,,,B-LTC_BNB
BTC,TROY,TROYBTC,,TROYBTC,Troy Token,Bitcoin,1,1,TROYBTC,B,1,,B-TROY_BTC
BNB,AVA,AVABNB,,AVABNB,Travala.com,Binance Coin,0.1,0.1,AVABNB,B,,,B-AVA_BNB
USDT,HNT,HNTUSDT,,HNTUSDT,Helium,Tether,0.001,0.001,HNTUSDT,B,,,B-HNT_USDT
BNB,CHR,CHRBNB,,CHRBNB,Chromia,Binance Coin,1,1,CHRBNB,B,1,,B-CHR_BNB
ETH,KNC,KNCETH,,KNCETH,Kyber Network,Ethereum,1,1,KNCETH,B,1,,B-KNC_ETH
ETH,NANO,NANOETH,,NANOETH,Nano,Ethereum,0.01,0.01,NANOETH,B,1,,B-NANO_ETH
BNB,JST,JSTBNB,,JSTBNB,JUST,Binance Coin,1,1,JSTBNB,B,,,B-JST_BNB
USDT,CKB,CKBUSDT,,CKBUSDT,Nervos,Tether,1,1,CKBUSDT,B,,,B-CKB_USDT
BTC,COMP,COMPBTC,,COMPBTC,Compound,Bitcoin,0.001,0.001,COMPBTC,B,4,2,B-COMP_BTC
ETH,LSK,LSKETH,,LSKETH,Lisk Coin,Ethereum,0.01,0.01,LSKETH,B,1,,B-LSK_ETH
BTC,ALGO,ALGOBTC,,ALGOBTC,Algorand,Bitcoin,1,1,ALGOBTC,B,4,,B-ALGO_BTC
USDT,ONG,ONGUSDT,,ONGUSDT,Ontology Gas,Tether,0.01,0.01,ONGUSDT,B,,,B-ONG_USDT
USDT,ENJ,ENJUSDT,,ENJUSDT,Enjin Coin,Tether,0.1,0.1,ENJUSDT,B,4,,B-ENJ_USDT
BTC,CND,CNDBTC,,CNDBTC,Cindicator,Bitcoin,1,1,CNDBTC,B,1,,B-CND_BTC
ETH,FUN,FUNETH,,FUNETH,FunFair,Ethereum,1,1,FUNETH,B,1,,B-FUN_ETH
USDT,BAND,BANDUSDT,,BANDUSDT,Band Protocol,Tether,0.01,0.01,BANDUSDT,B,5,3,B-BAND_USDT
BTC,BAT,BATBTC,1,BATBTC,Basic Attention Token,Bitcoin,1,1,BATBTC,B,2,3,B-BAT_BTC
USDT,BTT,BTTUSDT,,BTTUSDT,BitTorrent,Tether,1,1,BTTUSDT,B,4,2,B-BTT_USDT
ETH,NEO,NEOETH,,NEOETH,NEO,Ethereum,0.01,0.01,NEOETH,B,1,,B-NEO_ETH
BTC,VIBE,VIBEBTC,,VIBEBTC,VIBE,Bitcoin,1,1,VIBEBTC,B,,,B-VIBE_BTC
ETH,QTUM,QTUMETH,,QTUMETH,Qtum,Ethereum,0.01,0.01,QTUMETH,B,1,,B-QTUM_ETH
USDT,ARDR,ARDRUSDT,,ARDRUSDT,Ardor,Tether,0.1,0.1,ARDRUSDT,B,1,,B-ARDR_USDT
BTC,YOYO,YOYOBTC,,YOYOBTC,Yoyow,Bitcoin,1,1,YOYOBTC,B,1,,B-YOYO_BTC
BTC,WBTC,WBTCBTC,,WBTCBTC,Wrapped Bitcoin,Bitcoin,0.0001,0.0001,WBTCBTC,B,2,,B-WBTC_BTC
BTC,SNT,SNTBTC,,SNTBTC,Status,Bitcoin,1,1,SNTBTC,B,1,,B-SNT_BTC
BNB,IOST,IOSTBNB,,IOSTBNB,IOSToken,Binance Coin,1,1,IOSTBNB,B,,,B-IOST_BNB
USDT,NPXS,NPXSUSDT,,NPXSUSDT,Pundi X,Tether,1,1,NPXSUSDT,B,1,,B-NPXS_USDT
USDT,OGN,OGNUSDT,,OGNUSDT,Origin Protocol,Tether,0.01,0.01,OGNUSDT,B,2,,B-OGN_USDT
TUSD,EOS,EOSTUSD,,EOSTUSD,EOS,True USD,0.01,0.01,EOSTUSD,B,,,B-EOS_TUSD
BTC,IDEX,IDEXBTC,,IDEXBTC,IDEX,Bitcoin,1,1,IDEXBTC,B,,,B-IDEX_BTC
ETH,STEEM,STEEMETH,,STEEMETH,STEEM,Ethereum,0.01,0.01,STEEMETH,B,1,,B-STEEM_ETH
USDT,TFUEL,TFUELUSDT,,TFUELUSDT,Theta Fuel,Tether,1,1,TFUELUSDT,B,4,2,B-TFUEL_USDT
ETH,BNT,BNTETH,,BNTETH,Bancor,Ethereum,0.01,0.01,BNTETH,B,1,,B-BNT_ETH
BTC,STORJ,STORJBTC,,STORJBTC,Storj,Bitcoin,1,1,STORJBTC,B,2,,B-STORJ_BTC
BNB,YFII,YFIIBNB,,YFIIBNB,DFI.Money,Binance Coin,0.0001,0.0001,YFIIBNB,B,,,B-YFII_BNB
BNB,SUSHI,SUSHIBNB,,SUSHIBNB,Sushi,Binance Coin,0.01,0.01,SUSHIBNB,B,,,B-SUSHI_BNB
USDT,OMG,OMGUSDT,,OMGUSDT,OmiseGO,Tether,0.01,0.01,OMGUSDT,B,6,2,B-OMG_USDT
BTC,ALPHA,ALPHABTC,,ALPHABTC,Alpha Finance Lab,Bitcoin,1,1,ALPHABTC,B,,,B-ALPHA_BTC